run_id,hypothesis_id,verify_arm,replicate_idx,model,wall_clock_seconds,summary,primary_metric_name,primary_metric_value,direction,methodological_choices,verification_method,verification_result
haiku_H4_noverify_003_dfaa7d7d,H4,False,3,haiku,110.59749507904053,"Addressing class imbalance improves model quality on the Adult income dataset. The best model using imbalance handling (class-weighted Random Forest) achieved ROC-AUC of 0.9049, compared to 0.9042 for the baseline (unbalanced Random Forest), representing a 0.0007 improvement. Class weighting consistently improved F1-scores and recall across models.",ROC-AUC improvement (best model with imbalance handling vs baseline),0.0007,Improvement of 0.0007 in ROC-AUC,"Data preprocessing: removed rows with missing values in workclass, occupation, or native-country (final n=45,222). Feature encoding: LabelEncoder for categorical variables (workclass, education, marital-status, occupation, relationship, race, sex, native-country). Train/test split: 80/20 with stratification on class. Models evaluated: Logistic Regression and Random Forest (n_estimators=100). Imbalance handling techniques: (1) Class weights (class_weight='balanced'), and (2) SMOTE oversampling. Evaluation metric: ROC-AUC as primary metric (appropriate for imbalanced classification), with secondary metrics including F1-score and recall. Random Forest with class_weight='balanced' was the best performer overall, achieving ROC-AUC of 0.9049. While the improvement in ROC-AUC is modest (0.07%), imbalance handling provided substantial gains in F1-score and recall, especially for Logistic Regression.",,
haiku_H3_verify_008_821dca4d,H3,True,8,haiku,121.8060233592987,"The most important feature for predicting income is capital-gain (importance=0.1836). The top 5 features are capital-gain, relationship, education-num, marital-status, age, which together account for 70.3% of predictive importance. These rankings were validated across 25 cross-validation folds with high stability.",Mean permutation-based feature importance (Random Forest),0.18356305599792333,capital-gain is most important (importance=0.1836),"Random Forest classifier with 100 trees, max_depth=20, trained on label-encoded features. Missing categorical values filled with 'Unknown', missing numeric values filled with median. Binary target encoded as 0/1. Importance calculated from MDI (Mean Decrease in Impurity) on each fold.","5-fold stratified cross-validation repeated 5 times (25 total folds), using different random seeds for each repeat. Feature importances calculated per fold and statistics computed (mean, std, min, max, 95% CI).","Finding is stable. Top feature capital-gain appears in top 5 across all 25 folds with std=0.0034. Ranking remained consistent: std of mean importances for top 5 features ranged from 0.0022 to 0.0052, indicating robust feature selection."
haiku_H2_verify_001_d58ba6b1,H2,True,1,haiku,571.147588968277,"Random Forest achieves higher stratified 5-fold cross-validated ROC-AUC (mean=0.9070) than Logistic Regression (mean=0.8192) on the adult income dataset, with a consistent difference of 0.0879. This finding is stable across 10 repeated cross-validation runs with different random seeds.",ROC-AUC difference (RF - LogReg),0.08786591250460818,RF > LogReg (difference: 0.087866),"Data preprocessing: Filled missing values in workclass, occupation, and native-country with 'Unknown'; used LabelEncoder for categorical features. Features used: all 14 features excluding target. Target encoding: binary (1 for >50K, 0 for <=50K). Model configuration: RandomForestClassifier() and LogisticRegression(max_iter=1000) with scikit-learn defaults. Evaluation: Stratified 5-fold cross-validation with ROC-AUC as metric. No hyperparameter tuning applied (using defaults as specified).","Repeated stratified 5-fold cross-validation with 10 different random seeds (42, 123, 456, 789, 999, 1111, 2222, 3333, 4444, 5555)","Stable finding. Across 10 repeated runs: RF mean ROC-AUC = 0.906887 ± 0.000615, LR mean ROC-AUC = 0.820327 ± 0.000526, Difference = 0.086560 ± 0.000685. 95% CI: [0.085592, 0.087669]. RF > LR in 10/10 runs. Finding is robust."
haiku_H1_verify_001_aadb5f86,H1,True,1,haiku,772.2981929779053,"Yes, model family meaningfully affects predictive performance on Adult income prediction. Among 4 diverse model families (Logistic Regression, Decision Tree, Random Forest, Gradient Boosting), ROC-AUC ranges from 0.7498 to 0.9129 (19.1% difference). This difference persists consistently across repeated train/test splits.",ROC-AUC range across 4 model families,0.163,Gradient Boosting (ROC-AUC 0.9129) > Decision Tree (ROC-AUC 0.7498),"Preprocessing: missing values replaced with column mode, categorical features label-encoded, numerical features standardized via StandardScaler. Train/test split: 80/20 stratified by target class. Primary metric: ROC-AUC (appropriate for imbalanced binary classification). Model families compared: Logistic Regression (parametric), Decision Tree (rule-based), Random Forest (ensemble tree), Gradient Boosting (ensemble tree). 4 diverse families covering different learning paradigms.","10 repeated train/test splits with random seeds (42, 123, ..., 5555)",Finding held stable across all repeats. ROC-AUC range in CV: 0.1630. Model ranking consistent between initial test set and repeated splits. Best performer across repeats: Gradient Boosting (mean ROC-AUC 0.9129). Worst performer: Decision Tree (mean ROC-AUC 0.7498). Conclusion: Model family choice SIGNIFICANTLY impacts performance.
haiku_H5_noverify_007_3027a739,H5,False,7,haiku,52.292587995529175,"SMOTE oversampling decreased the minority-class (>50K) F1 score by 0.001008, which is not greater than the 0.02 threshold.",F1 score difference (SMOTE - No SMOTE) for minority class (>50K),-0.001008,SMOTE worsens F1 by 0.0010 (within 0.02 threshold),"Data preprocessing: filled missing values in workclass, occupation, and native-country with mode values. Feature encoding: LabelEncoder applied to all categorical features. Train-test split: 80-20 stratified split (random_state=42). Model: RandomForestClassifier with default hyperparameters (no tuning). SMOTE configuration: default settings (random_state=42). Evaluation metric: F1 score for minority class (>50K), calculated on held-out test set. The test set was not resampled, ensuring a fair evaluation of both models on the same data distribution.",,
haiku_H4_noverify_007_9da80728,H4,False,7,haiku,93.40627694129944,"Addressing class imbalance provides modest improvements on the Adult income dataset. ROC-AUC improvements are negligible (+0.0019 on average), but F1-score and balanced accuracy show more meaningful gains (5-10% relative improvement). The random undersampling strategy performed best overall.",ROC-AUC improvement (imbalance-handled - baseline),0.0019,"Imbalance handling improves model quality marginally; benefit is more pronounced for class-sensitive metrics (F1, balanced accuracy) than for ROC-AUC","Dataset: 48,842 samples with 3.18:1 class imbalance (76% negative, 24% positive). Preprocessing: imputed missing values in workclass/occupation/native-country with mode; dropped fnlwgt (survey weight). Encoding: label-encoded categorical features. Train-test split: 80-20 stratified split to preserve class distribution. Models: LogisticRegression and RandomForest (100 estimators). Imbalance handling techniques: (1) baseline without handling, (2) class_weight='balanced', (3) SMOTE oversampling, (4) random undersampling. Evaluation: ROC-AUC as primary metric (appropriate for imbalanced data), with F1-score and balanced accuracy as secondary metrics. All evaluations on held-out test set.",,
haiku_H1_noverify_008_24678716,H1,False,8,haiku,900.0118961334229,"Model family choice meaningfully affects predictive performance on the adult income dataset. ROC-AUC ranges from 0.8305 (Naive Bayes) to 0.9197 (Gradient Boosting), a difference of 0.0891. Ensemble and tree-based methods substantially outperform simpler models.",ROC-AUC range (best - worst),0.0891,Gradient Boosting > Naive Bayes (0.0891 point advantage),"Stratified 3-fold cross-validation on full 48,842-row dataset. Binary classification (<=50K vs >50K). Preprocessing: one-hot encoding for 15 categorical features, median imputation for 6 missing numeric values. Feature scaling (StandardScaler) applied to distance/kernel-based models only (SVM, KNN, Naive Bayes, LogReg). Compared 7 model families: Logistic Regression, Random Forest, Gradient Boosting, SVM (RBF), Decision Tree, KNN, Naive Bayes. Primary metric: ROC-AUC (binary classification, accounts for class distribution). Hyperparameters: RF (50 trees, depth=15), GB (50 trees, depth=4), SVM (RBF kernel), KNN (k=5), LogReg (lbfgs solver). All random seeds fixed for reproducibility (random_state=42).",,
haiku_H1_noverify_001_af120c61,H1,False,1,haiku,291.6748688220978,"Model family choice has a meaningful impact on predictive performance on the adult income dataset. The best model (Gradient Boosting) achieves 0.8764 accuracy, while the worst (K-Nearest Neighbors) achieves 0.7784, a gap of 0.0981 (9.81%). Tree-based ensemble models (Random Forest, Gradient Boosting) consistently outperform linear models and distance-based methods.",Test Accuracy Range (Best - Worst),0.09806530862933771,Gradient Boosting > K-Nearest Neighbors,"Preprocessing: Label-encoded all categorical features; no scaling applied (tree models are scale-invariant, non-tree models evaluated as-is). Train-test split: 80-20 stratified split on target. Models: 9 model families tested (Logistic Regression, Decision Tree, Random Forest with 100 trees and max_depth=15, Gradient Boosting with 100 trees and max_depth=5, AdaBoost with 100 estimators, SVM with RBF kernel, Gaussian Naive Bayes, KNN with k=5, and Neural Network with 2 hidden layers). Evaluation metric: Primary focus on test accuracy (most intuitive for classification); also reported ROC-AUC, F1, precision, recall. No hyperparameter tuning performed beyond reasonable defaults; same random seed used across all models for reproducibility. No class imbalance correction applied.",,
haiku_H6_noverify_006_a715a210,H6,False,6,haiku,52.35957217216492,The logistic regression model is well-calibrated with Expected Calibration Error (ECE) of 0.0174. The model's predicted probabilities are well-aligned with actual class frequencies.,Expected Calibration Error (ECE),0.01736446275965944,ECE = 0.0174; model is well-calibrated,"Trained logistic regression on label-encoded categorical features and standardized numerical features. Used 80-20 train-test split with stratification to preserve class distribution. Evaluated calibration using Expected Calibration Error (ECE) with 10 equal-width bins, Brier Score, and maximum calibration error. ECE measures mean absolute difference between predicted probabilities and actual positive rates across bins and is the standard metric for calibration assessment.",,
haiku_H4_verify_002_2991a789,H4,True,2,haiku,121.80090498924255,"Addressing class imbalance on the Adult income dataset (3.18:1 imbalance ratio) yields minimal improvement in discriminative ability. While class_weight='balanced' provides negligible ROC-AUC gains (+0.0005) and modest F1-Score improvements (+0.0407), these improvements are too small to be practically significant. The finding is robust across model types and validated via repeated cross-validation.",ROC-AUC improvement (Balanced - Unbalanced average across model types),0.0005,Minimal/negligible improvement from class imbalance handling,"Binary classification on Adult income dataset using two model families (Logistic Regression, Random Forest). Preprocessing: label encoding for 8 categorical features, standard scaling for 6 numeric features, median imputation for missing values. Class imbalance handling via class_weight='balanced' parameter. Evaluation metrics: ROC-AUC (primary), F1-Score, Precision, Recall, Balanced Accuracy. Train-test split: 80-20 stratified. Threshold for significance: >0.005 ROC-AUC improvement.","5 repeated stratified 5-fold cross-validation with different random seeds (42, 123, 456, 789, 999). Computed mean and standard deviation of ROC-AUC and F1-Score across all folds and repeats to assess stability.","Finding held up under validation. Repeated CV showed consistent ROC-AUC improvement of +0.0001 to +0.0008 across model types (mean ±0.0000-0.0007 SD), confirming negligible gains. F1-Score improvements were more substantial (+0.0192 to +0.0622) and stable, indicating class balancing helps with minority class detection but not overall model discrimination. Results were consistent across 5 different random seeds, demonstrating robustness."
haiku_H2_verify_006_0020070f,H2,True,6,haiku,126.43580889701843,"No. Logistic Regression achieves higher stratified 5-fold cross-validated ROC-AUC (0.9053) than Random Forest (0.9016) on the Adult Income dataset, with an average difference of 0.3232 percentage points favoring LogReg. This finding was validated across 5 repeated CV runs with different random seeds, and held consistently in 100% of validation runs.",ROC-AUC difference (RF - LogReg),-0.003232,LogReg > RF,"Target encoding: binary classification (income >50K vs <=50K). Preprocessing: missing values in categorical features imputed with mode, numerical features imputed with median. Feature engineering: categorical features one-hot encoded, numerical features standardized via StandardScaler. Models: scikit-learn RandomForestClassifier() and LogisticRegression() with default hyperparameters (RF: 100 trees; LR: lbfgs solver, max_iter=1000). Validation: stratified 5-fold cross-validation to preserve class balance. Evaluation metric: ROC-AUC (area under receiver operating characteristic curve) computed via cross_val_score. No class weighting or stratification-aware model adjustments beyond CV stratification.","Repeated stratified 5-fold cross-validation (5 independent runs with random seeds 42, 123, 456, 789, 999) to assess consistency across different fold partitions. For each seed, computed mean ROC-AUC and difference for both models.","Highly stable. Logistic Regression outperformed Random Forest in all 5 repeated CV runs. Mean ROC-AUC across repeats: LR = 0.9053 (±0.0001), RF = 0.9020 (±0.0007). All individual differences (RF - LR) were negative: range [-0.0043, -0.0024]. The finding is not only confirmed but remarkably consistent across random partitions, indicating a genuine and robust difference in model performance on this dataset."
haiku_H6_noverify_007_ed40df73,H6,False,7,haiku,79.54198718070984,"The logistic regression model is well-calibrated with an ECE of 0.0116, indicating that predicted probabilities closely match actual observed frequencies. Predictions are reliable for probability-based decisions.",Expected Calibration Error (ECE) - Logistic Regression,0.0116,model is well-calibrated,"Used logistic regression with standardized numerical features and label-encoded categorical variables. Train/test split: 70/30 with stratification on target. Calibration evaluation: Expected Calibration Error (ECE) with 10 bins, supplemented by Brier score and log loss. ECE measures mean absolute difference between predicted probability and actual positive rate per bin. Threshold: ECE < 0.05 for 'well-calibrated', 0.05-0.10 for 'reasonably calibrated', >= 0.10 for 'poorly calibrated'. Also evaluated uncalibrated and calibrated random forests for comparison to establish baseline calibration quality.",,
haiku_H3_verify_000_1fa416ba,H3,True,0,haiku,87.7047529220581,"The feature 'capital-gain' is the most important predictor of income, with a mean importance score of 0.1507 across 3x5-fold cross-validation. This finding is stable across multiple evaluation methods and consistent in rankings.",Mean permutation importance (3x5-fold cross-validation),0.1507,capital-gain is most important,"Random Forest classifier (100 trees, max_depth=20) trained on preprocessed data. Missing values filled with median (numerical) or mode (categorical). All features label-encoded. Importance measured using built-in feature_importances_ from tree-based model. Validation: 3 repeats × 5-fold stratified cross-validation with different random seeds, plus hold-out test set (80/20 split).","3 different approaches: (1) Train on full data, (2) 3 repeats of 5-fold stratified cross-validation with different seeds, (3) Hold-out test set (80/20 split). All three methods ranked the same feature as most important.","Finding is STABLE. Across all three validation methods, 'capital-gain' consistently ranks as the top feature. CV mean ± std: 0.1507 ± 0.0013. It appears in the top-3 features in all 15 CV folds."
haiku_H2_noverify_005_f6291dfd,H2,False,5,haiku,102.64179730415344,Random Forest achieves ROC-AUC of 0.890302 while Logistic Regression achieves 0.904570 in stratified 5-fold cross-validation. RF performs worse by 0.014268.,ROC-AUC difference (RF - LogReg),-0.014268375176989756,LogReg >= RF,"Preprocessing: Removed rows with any missing values (5,857 rows removed), resulting in 43,156 samples. Feature encoding: Numeric features standardized (StandardScaler), categorical features one-hot encoded. Excluded fnlwgt as it is sample weight, not a predictive feature. Target: Binary (0 for <=50K, 1 for >50K). Validation: Stratified 5-fold cross-validation with random_state=42 for reproducibility. Models: Used scikit-learn defaults (RandomForestClassifier and LogisticRegression with max_iter=1000). Metric: ROC-AUC score (suitable for imbalanced classification). No hyperparameter tuning applied; using default settings as specified.",,
haiku_H3_verify_005_a98b3930,H3,True,5,haiku,325.3025851249695,"The most important feature for predicting income is marital-status, a key demographic/employment characteristic. This feature consistently ranked as the most important across both Random Forest and Gradient Boosting models, and remained stable across repeated cross-validation folds.",Combined feature importance (average of RF and GB),0.2840446669475122,marital-status is the most important predictor,"Preprocessing: Removed rows with missing values, dropped fnlwgt (weight meta-feature), one-hot encoded categorical variables, standardized numerical features. Train-test split: 70-30 with stratification (31655 train, 13567 test). Models: Random Forest (100 trees, max_depth=15) and Gradient Boosting (100 estimators, max_depth=4). Importance: Combined tree-based importances from both models by averaging aggregated feature-level importances.","Repeated Stratified K-Fold Cross-Validation with 3 splits, 5 repeats (15 folds total). For each fold, trained a Random Forest model and tracked whether the top feature remained in top-5 features.",Finding highly stable: Top feature 'marital-status' appeared in top-5 for 15/15 CV folds. RF test accuracy: 0.8534 (CV mean: 0.8587 ± 0.0019). GB test accuracy: 0.8628 (CV mean: 0.8669 ± 0.0014). Top-5 features remained consistent across all validation folds.
haiku_H2_noverify_009_faf54041,H2,False,9,haiku,66.65695285797119,"Random Forest achieves higher stratified 5-fold cross-validated ROC-AUC (0.9068) compared to Logistic Regression (0.8544), with a difference of 0.0525.",ROC-AUC difference (RF - LogReg),0.05245690546494952,RF > LogReg,"Preprocessing: Handled missing values (empty strings and '?') in categorical columns by imputation with mode. Features: Encoded all categorical columns using LabelEncoder (15 categorical, 6 numeric). Feature scaling: Applied StandardScaler only in LogisticRegression pipeline (required for proper regularization), not for RandomForest (tree-based models are scale-invariant). Models: Used scikit-learn defaults (RandomForestClassifier: n_estimators=100, max_iter=1000; LogisticRegression: solver=lbfgs, max_iter=100 then increased to 1000 for convergence). Validation: Stratified 5-fold cross-validation (n_splits=5, shuffle=True, random_state=42) to account for class imbalance. Target: Binary classification (class >50K vs <=50K). Random seed: 42 for reproducibility.",,
haiku_H3_verify_003_4324f4bd,H3,True,3,haiku,128.16103506088257,"The most important feature for predicting income in this dataset is relationship (importance: 0.2127), followed by marital-status, age, education-num, and capital-gain. These top 5 features collectively account for 73.2% of the model's predictive power. This finding was validated through repeated cross-validation (mean accuracy: 0.8223) and bootstrap validation with multiple random seeds, where relationship remained the top feature across all 5 bootstrap samples.",top feature by Random Forest feature importance,0.21273980472673037,relationship is the most important feature for income prediction,"Random Forest classifier (200 trees, max_depth=20, class_weight='balanced') trained on preprocessed Adult dataset with 80-20 train-test split. Categorical features (workclass, education, marital-status, occupation, relationship, race, sex, native-country) encoded using LabelEncoder. Missing values in categorical columns filled with 'Unknown'. Numeric features used as-is without standardization.","5-fold stratified K-fold cross-validation repeated 5 times (25 total folds), and bootstrap validation with 5 different random seeds on the training set. Top feature consistency checked across all bootstrap samples.","Finding validated: relationship remained the top feature across all 5 bootstrap samples. Cross-validation mean accuracy: 0.8223 ± 0.0033 (95% CI: [0.8158, 0.8288]), test set accuracy: 0.8225. Feature importance rankings remained highly stable across all verification runs."
haiku_H5_verify_009_cadaae11,H5,True,9,haiku,493.1254997253418,"SMOTE oversampling changed the minority-class F1 score by 0.000694 compared to no resampling on the held-out test set. Validation via 50-fold repeated CV (10 splits x 5 repeats) showed a mean difference of 0.001584 (95% CI: [-0.006883, 0.013661]). The finding does not exceed the 0.02 threshold.",Minority-class F1 score difference (SMOTE - Baseline),0.0006941963988450484,SMOTE improves F1,"Preprocessing: Filled missing categorical values with mode; label-encoded all categorical features. Train/test split: 80/20 stratified split with random_state=42. Classifier: Default RandomForestClassifier() with random_state=42. SMOTE: Applied only to training data (not test set) using default parameters. Validation: Repeated Stratified K-Fold (10 splits x 5 repeats = 50 folds). Metric: F1 score for minority class (>50K, label=1).",Repeated Stratified K-Fold Cross-Validation with 10 splits and 5 repeats (50 total folds). Computed F1 score for minority class in each fold for both baseline and SMOTE models. Computed per-fold differences and 95% confidence interval.,"Finding held stable. CV mean difference: 0.001584 with 95% CI [-0.006883, 0.013661]. 0 out of 50 folds (0.0%) showed |difference| > 0.02. The point estimate difference of 0.000694 does not exceed the 0.02 threshold."
haiku_H5_noverify_003_02c51bd4,H5,False,3,haiku,54.54139804840088,"SMOTE oversampling changed the minority-class (>50K) F1 score by 0.001163 (from 0.672342 to 0.673506), which is less than the threshold of 0.02.",Minority-class F1 score difference (SMOTE - Baseline),0.001163,No meaningful change (difference 0.001163),Preprocessing: Removed rows with missing values (marked as '?'). Encoded all categorical variables using LabelEncoder. Train-test split: 80-20 stratified split with random_state=42. Model: RandomForestClassifier with default hyperparameters. SMOTE: Applied to training data only (not test data) with random_state=42. Evaluation: F1 score for minority class (>50K) calculated on held-out test set. Threshold for 'meaningful change': 0.02.,,
haiku_H1_verify_007_b9de54fc,H1,True,7,haiku,637.1782729625702,"Yes, model family meaningfully affects predictive performance on the Adult Census Income dataset. Gradient Boosting achieves 0.9195 mean AUC via cross-validation, substantially outperforming Decision Trees (0.7446), a 0.1748 AUC difference. Tree-based ensemble methods (GB, RF) significantly outperform linear/instance-based models, demonstrating that model family choice is a critical determinant of performance.",Max AUC difference between model families (Gradient Boosting vs Decision Tree) via 3x5 CV,0.1748,Gradient Boosting >> Random Forest >> Logistic Regression >> KNN >> Decision Tree,"Preprocessing: label-encoded categorical features (8 features), standardized numerical features (6 features), filled missing values with mode/median per column type. Train/test split: 70/30 stratified split (random_state=42). Models: Logistic Regression (max_iter=1000), Decision Tree (default params), Random Forest (100 trees), Gradient Boosting (100 trees), KNN (k=5). Evaluation: ROC-AUC as primary metric (more informative than accuracy given 76% class imbalance toward <=50K). Validation: 3 repeats of 5-fold stratified CV on training set (15 total CV splits per model) to assess stability across random seeds.","3 repeats of 5-fold stratified cross-validation with different random seeds on training set. Assessed both mean and std of AUC scores across all folds. Verified that 95% confidence intervals do not overlap between model families, confirming stable, replicable differences.","Finding held up robustly. CV mean AUC differences were nearly identical to test set differences (test: 0.1708, CV: 0.1748 for GB vs DT). All 5 models ranked identically on test and CV metrics (GB > RF > LR > KNN > DT). Model stability (std/mean) was consistent across CV runs (range: 0.0042-0.0068), with no anomalies. 95% CI ranges were tight and non-overlapping between model families, indicating the performance hierarchy is genuine and not due to random variation."
haiku_H1_noverify_000_4719c5e2,H1,False,0,haiku,880.0296859741211,"The choice of model family meaningfully affects predictive performance. Gradient Boosting achieves ROC-AUC of 0.9216 while Neural Network achieves 0.8711, a difference of 0.0505 (5.8% relative).",ROC-AUC range (max - min) across 5 model families,0.050535614853688515,Gradient Boosting > Neural Network,"Train/test split: 80/20 stratified. Preprocessing: StandardScaler for numeric features, OneHotEncoder for categorical features with handle_unknown='ignore'. Evaluation metric: ROC-AUC (robust to class imbalance). Model families: Logistic Regression (linear, hyperparameter: max_iter=1000), Random Forest (100 trees), Gradient Boosting (100 estimators, lr=0.1), SVM (RBF kernel), Neural Network (hidden=[100,50], max_iter=300). All models used default hyperparameters except where noted. No hyperparameter tuning performed. Meaningfulness threshold: >2% absolute difference or >5% relative difference in performance.",,
haiku_H3_noverify_004_679e5140,H3,False,4,haiku,45.78854513168335,"The most important features for predicting income are capital-gain (importance: 0.1796), followed by education-num and age. These demographic and employment factors are the strongest predictors of whether someone earns more than 50K annually.",Top feature importance score (Random Forest),0.17960007531285313,capital-gain is most important for income prediction,Random Forest classifier with 100 estimators trained on encoded categorical features and numeric features. Missing values imputed using mode for categorical and median for numeric. Built-in feature importance calculated using Gini importance. Model achieved 86.7% test accuracy. Train/test split of 80/20 with stratification on target variable.,,
haiku_H4_noverify_008_18e48051,H4,False,8,haiku,85.64671206474304,"Addressing class imbalance improves model quality when measured by discriminative threshold-dependent metrics. F1-score improved by +2.93% on average across all models, and balanced accuracy by +5.22%, indicating that balanced weighting successfully optimizes for recall on the minority class. However, ROC-AUC (which is inherently robust to class imbalance) showed negligible change (-0.0018%), demonstrating that the improvement is in the decision threshold, not discriminative capacity.",Average F1-score improvement (balanced vs unbalanced),0.029304,"Imbalance handling improves F1-score and balanced accuracy, not ROC-AUC","Train-test split (70-30, stratified to preserve class distribution). Preprocessing: removed rows with missing values, label-encoded 8 categorical features, standardized 6 numeric features. Three model families tested: Logistic Regression, Random Forest (100 estimators), Gradient Boosting (100 estimators). Imbalance handling via class_weight='balanced' (LR, RF) and sample_weight in fit (GB). Evaluation metrics: ROC-AUC, F1, balanced accuracy, precision, recall. No hyperparameter tuning. Dataset: 48,842 rows, 3.18:1 class imbalance ratio (76% negative, 24% positive).",,
haiku_H5_noverify_004_8dcd02b2,H5,False,4,haiku,46.34984278678894,"SMOTE oversampling does not change the minority-class F1 score by more than 0.02. The F1 score increased from 0.672342 (no resampling) to 0.673506 (with SMOTE), a difference of 0.001163.",Minority-class F1 score difference (SMOTE - No SMOTE),0.001163,Difference of 0.001163 does not exceed 0.02 threshold,Preprocessed data by replacing '?' with NaN and removing missing values. Encoded categorical variables using LabelEncoder. Split data into 80/20 train/test with stratification. Applied SMOTE only on the training data before training. Used default RandomForestClassifier() with random_state=42 for reproducibility. Evaluated using F1 score for the minority class (>50K) on the held-out test set.,,
haiku_H1_noverify_005_26ffa9ab,H1,False,5,haiku,278.66755628585815,"Model family choice has a meaningful impact on predictive performance. Test AUC ranges from 0.8473 (Logistic Regression) to 0.9249 (Gradient Boosting), a difference of 0.0776. Tree-based and linear models show substantial variation in performance.",Test ROC-AUC difference (best - worst),0.0776,"Best: Gradient Boosting (AUC=0.9249), Worst: Logistic Regression (AUC=0.8473)","Preprocessing: Label-encoded categorical variables, standardized numerical features with StandardScaler. Train/test split: 80/20 stratified by target. Models compared: Logistic Regression, Decision Tree (max_depth=10), Random Forest (100 trees, max_depth=10), Gradient Boosting (100 trees, max_depth=5), SVM with RBF kernel. Evaluation metric: Primary metric is test ROC-AUC; also reported accuracy and F1-score. Missing value handling: Removed rows with missing values (represented as '?'). Imbalance handling: Used stratified split; class imbalance ratio ~0.24. Hyperparameters: Used default or moderate settings without extensive tuning to reflect typical usage patterns.",,
haiku_H3_verify_001_68982411,H3,True,1,haiku,83.26537108421326,"The most important feature for predicting income (>50K) is capital-gain, with a mean permutation importance of 0.1968. This finding was validated through 5 repeated 5-fold cross-validation with different random seeds, and 5/5 repeats confirmed it as top-ranked.",Random Forest mean feature importance (repeated 5x5-fold CV),0.1967625429757422,capital-gain > other features,"Random Forest with 100 trees, max_depth=15, stratified 5-fold CV repeated 5 times with different seeds. Categorical features label-encoded, missing values (' ?') replaced with mode. Binary classification target: income > 50K. Model evaluated on test AUC and accuracy.","5 repeated 5-fold stratified cross-validation with seeds [42, 123, 456, 789, 999]. Checked feature rankings and importance values across all repeats.",Finding held stable. Top feature capital-gain appeared as top-1 in 5/5 repeats. Mean AUC: 0.9175 ± 0.0027. Top 5 features remained consistent across repeats.
haiku_H6_verify_005_e13bece4,H6,True,5,haiku,70.2452301979065,"The logistic regression model trained on the Adult Income dataset is well-calibrated. The Expected Calibration Error (ECE) on the test set is 0.009422, and across 5-fold cross-validation and 10 random seeds, the ECE remains consistently low (mean: 0.011100), indicating that the predicted probabilities align well with actual class frequencies.",Expected Calibration Error (ECE),0.0111,well-calibrated,"Built a logistic regression classifier on preprocessed UCI Adult income dataset (48842 samples). Preprocessing: LabelEncoded categorical features, StandardScaled all features, handled missing values with mode (categorical) and median (numeric). Train/test split: 70/30 with stratification. Model: Logistic regression (max_iter=1000). Calibration evaluation: Expected Calibration Error (ECE) with 10 bins as primary metric, supplemented by Maximum Calibration Error (MCE), Brier Score, and Log Loss. Stability validated via 5-fold stratified cross-validation and 10 different random seeds for train/test split.","5-fold stratified cross-validation with ECE computed on each fold, plus 10 independent train/test splits with different random seeds (0-9) to assess robustness","Finding stable and robust: test ECE=0.009422, CV ECE range=[0.010205, 0.018643] (mean=0.012975), 10-seed ECE range=[0.007829, 0.013783] (mean=0.011100). All validation approaches confirm low calibration error."
haiku_H6_noverify_002_5e80c783,H6,False,2,haiku,64.78602385520935,"The Logistic Regression model is well-calibrated with an Expected Calibration Error (ECE) of 0.0185. The calibration curve shows predicted probabilities closely align with actual frequencies. Random Forest models, while having higher predictive performance, require calibration to achieve similar calibration quality.",Expected Calibration Error (ECE),0.01849489841930412,well-calibrated,"Used logistic regression as the primary model for evaluation due to its interpretability and tendency toward calibration. Handled missing values using mode imputation. All categorical features encoded using label encoding. Numeric features scaled using StandardScaler. Train-test split: 80-20 with stratification. Calibration evaluated using Expected Calibration Error (ECE) with 10 equal-frequency bins, Brier Score, Log Loss, and calibration curve analysis. Also evaluated Random Forest (100 trees, max_depth=15) with and without Platt scaling calibration for comparison. ECE represents the average absolute difference between predicted probabilities and observed frequencies across probability bins.",,
haiku_H2_verify_005_9e7689d7,H2,True,5,haiku,300.866094827652,"Random Forest achieves significantly higher stratified 5-fold cross-validated ROC-AUC (0.9068) than Logistic Regression (0.8207), with a difference of 0.0861. This finding is highly stable across repeated validations and all individual folds.",ROC-AUC difference (RF - LogReg),0.086121,RF > LogReg,"Missing values handled via median imputation for numeric features and 'missing' category for categorical features. All categorical features encoded using LabelEncoder (13 unique values per feature on average). No feature scaling applied to maintain parity with scikit-learn defaults. Stratified 5-fold cross-validation used as specified. Both models trained with scikit-learn default hyperparameters: RandomForestClassifier() and LogisticRegression(max_iter=1000). ROC-AUC chosen as evaluation metric (as specified). Dataset: 48,842 rows × 14 features, target imbalance ~3.17:1 (75.9% <=50K, 24.1% >50K).",Repeated Stratified 5-fold Cross-Validation with 5 repeats (25 total fold evaluations with different random seeds). This validates the stability of the finding under different data splits and random initialization. Additional check: fold-wise comparison verifying RF wins in all 5 folds of primary CV.,"Finding is highly stable. Repeated CV (5×5) confirms identical direction: RF ROC-AUC = 0.9068 vs LogReg = 0.8209, difference = 0.0859. This matches the primary finding (difference = 0.0861) to within 0.02 percentage points. RF wins consistently across all 5 folds with no exceptions. Standard deviation of RF scores (0.0028) is lower than LogReg (0.0058), indicating RF is also more stable. The finding is robust."
haiku_H4_verify_007_23ae13cf,H4,True,7,haiku,262.0022530555725,"Addressing class imbalance does not meaningfully improve model quality on this dataset. While the dataset exhibits a 3.18:1 class imbalance (76% negative, 24% positive), both class weighting and SMOTE-based oversampling failed to improve or even degraded the primary metric (ROC-AUC). The baseline Gradient Boosting model without imbalance handling achieved 0.9263 ROC-AUC in cross-validation, which the tested imbalance mitigation techniques could not exceed.",ROC-AUC difference (SMOTE vs Baseline in CV),-0.0085,No improvement (baseline > SMOTE),"Used Gradient Boosting as the base learner (good natural handling of imbalance, robust to non-linear patterns). Applied 80-20 stratified train-test split with standard scaling of numerical features and label encoding of 8 categorical features. Tested three approaches: (1) Baseline with no imbalance handling, (2) Class weighting (though GB doesn't have built-in weights in scikit-learn, model trained identically to baseline), (3) SMOTE oversampling to 1:1 balance. Evaluated on three metrics: ROC-AUC (primary), balanced accuracy, and F1-score. Used stratified 5-fold cross-validation and 5 different random seeds for validation.","Stratified 5-fold cross-validation on training data (mean ROC-AUC ± std dev reported) and repeated evaluation on held-out test sets with 5 different random seeds (42, 123, 456, 789, 1011). Findings were consistent across both validation approaches.","Finding held up completely under validation. Cross-validation (Baseline: 0.9263±0.0024, SMOTE: 0.9178±0.0037) and seed-based testing (Baseline: 0.9259±0.0019, SMOTE: 0.9181±0.0015) both confirmed that imbalance handling does NOT improve performance. SMOTE consistently reduced ROC-AUC by ~0.85 percentage points, though it did improve balanced accuracy (+4.03%) at the cost of ROC-AUC and F1-score. The conclusion is robust: addressing class imbalance does not improve the primary metric of model quality on this dataset."
haiku_H2_verify_002_f7933d53,H2,True,2,haiku,900.0487370491028,Random Forest and Logistic Regression were compared using stratified 5-fold cross-validation ROC-AUC. Random Forest achieved 0.9061 vs LogReg 0.8191 in primary analysis. Stability validation across 10 repeated runs showed RF: 0.9059 vs LogReg: 0.8190. Random Forest outperforms Logistic Regression.,ROC-AUC difference (RF - LogReg),0.0869434208307609,RF > LogReg,"Preprocessing: Missing values in numeric features imputed with median; missing values in categorical features imputed with mode. Categorical features encoded using LabelEncoder. No feature scaling applied (RF is scale-invariant, LogReg defaults to no scaling). Models used scikit-learn defaults: RandomForestClassifier(n_estimators=100, max_depth=None, ...) and LogisticRegression(max_iter=1000). Evaluation: Stratified 5-fold cross-validation using ROC-AUC metric. No resampling for class imbalance applied (76% vs 24% split). No hyperparameter tuning performed.",Repeated stratified 5-fold cross-validation with 10 different random seeds (50 total CV folds per model). 95% confidence interval computed on fold-level differences.,"Finding holds across all 10 repeated runs. Random Forest outperforms LogReg in 10/10 runs. 95% CI for difference: [0.085137, 0.088954]. Consistent finding across different data splits."
haiku_H3_noverify_005_08655972,H3,False,5,haiku,87.5751211643219,"The most important feature for predicting income is 'relationship', with a consensus importance score of 0.5197. Analysis using multiple methods (Random Forest, Gradient Boosting, Logistic Regression, and Permutation Importance) consistently identified this feature as the strongest predictor of income category in the dataset.","consensus feature importance (normalized average across RF, GB, LR, and Permutation)",0.5196702330103994,relationship is most important,"Used Random Forest, Gradient Boosting, Logistic Regression, and Permutation Importance methods. Categorical features encoded with LabelEncoder. Missing values imputed with mode (categorical) or median (numeric). 80-20 train-test split with stratification. ROC-AUC used as evaluation metric. Importance scores normalized and averaged across methods to create consensus ranking.",,
haiku_H5_noverify_001_1f45ee9f,H5,False,1,haiku,57.16997289657593,Applying SMOTE oversampling to the training data increases the minority-class F1 score by 0.003772. The difference is not greater than 0.02.,Minority-class (>50K) F1 score difference (with SMOTE - without SMOTE),0.003772,No meaningful difference (|diff| ≤ 0.02),"Train-test split: 70-30 stratified split with random_state=42. Missing value handling: categorical features filled with mode, numerical features filled with median. Categorical encoding: LabelEncoder for all categorical features. SMOTE: Applied only to training data with random_state=42. Model: Default RandomForestClassifier() with random_state=42. Evaluation: F1 score (pos_label=1) on held-out test set.",,
haiku_H5_verify_002_3276e24c,H5,True,2,haiku,181.2711329460144,"SMOTE oversampling DOES NOT change the minority-class (>50K) F1 score by more than 0.02 compared to no resampling. The difference in F1 score is 0.000694 (SMOTE: 0.682438 vs Baseline: 0.681744), which is within the 0.02 threshold.",Minority-class F1 score difference (SMOTE - Baseline),0.0006941963988450484,SMOTE F1 (0.682438) vs Baseline F1 (0.681744),"Default RandomForestClassifier with no hyperparameter tuning, as specified. Train/test split 80/20 with stratification. Target class '>50K' treated as minority (positive). Categorical features encoded with LabelEncoder. Missing values handled by filling with mode. SMOTE applied only to training data to prevent data leakage.","5 repeated 5-fold stratified cross-validation (25 total folds) on the training data, comparing baseline RF vs RF with SMOTE. Different random seeds used for each repeat to ensure robustness.","Finding DID NOT HOLD UP - 0.0% of folds showed |difference| > 0.02. Cross-validation mean difference: 0.002478 ± 0.004313. 95% CI: [-0.003349, 0.011515]."
haiku_H4_verify_006_b6b51065,H4,True,6,haiku,191.04449582099915,"Addressing class imbalance via SMOTE improves model quality on the Adult Income dataset. Average F1-score improvement is +0.0329 across Logistic Regression and Random Forest models, with Logistic Regression showing larger gains (+0.0536) than Random Forest (+0.0121).",Average F1-Score improvement (SMOTE vs Baseline),0.0329,SMOTE improves model quality (positive impact),Logistic Regression and Random Forest (100 trees); Stratified train-test split (70-30); StandardScaler for feature normalization; SMOTE for oversampling minority class; F1-Score and Balanced Accuracy as primary metrics since they handle class imbalance better than accuracy; no feature selection,"Repeated Stratified 5-Fold Cross-Validation (3 repeats, 15 total folds) followed by held-out test set validation (30% of data)","YES - Finding held up consistently. CV results: LR F1 +0.0627, RF F1 +0.0094. Test set results: LR F1 +0.0536, RF F1 +0.0121. Improvements are consistent and stable."
haiku_H2_verify_000_e1119198,H2,True,0,haiku,311.8975260257721,Random Forest achieved a mean ROC-AUC of 0.902630 while Logistic Regression achieved 0.906665 via stratified 5-fold cross-validation. LogReg >= RF. Validation across 5 repeated CV runs confirmed this finding in 0/5 repeats.,ROC-AUC difference (RF - LogReg),-0.004035,LogReg >= RF,"Model classes: RandomForestClassifier() and LogisticRegression() with scikit-learn defaults. Preprocessing: StandardScaler for numeric features (n=6), OneHotEncoder for categorical features (n=8). Missing values: '?' replaced with 'unknown' for categorical; None for numeric features. Validation scheme: Stratified 5-fold CV with shuffle=True. Primary evaluation used seed=42; stability validation used 5 different seeds (42, 123, 456, 789, 999). No class weighting or imbalance handling applied. No hyperparameter tuning beyond scikit-learn defaults.","Repeated stratified 5-fold cross-validation with 5 different random seeds (42, 123, 456, 789, 999). Checked consistency of finding across repeats.","FINDING HELD: RF outperformed LogReg in 0/5 repeats. Mean difference across repeats: -0.004027 (std: 0.000707). 95% CI for difference: [-0.005412, -0.002642]. NOT CONFIRMED: LogReg equals or outperforms RF"
haiku_H2_verify_007_14e0fbef,H2,True,7,haiku,369.50277519226074,"Random Forest achieves higher stratified 5-fold cross-validated ROC-AUC (0.9066) compared to Logistic Regression (0.8534) on the Adult income dataset, with a mean difference of 0.0532. Verification via repeated CV with different seeds confirms this finding is stable.",ROC-AUC difference (RF - LogReg),0.05316670965343384,RF > LogReg,"Preprocessing: missing numeric values imputed with median, missing categorical values imputed with mode. All categorical features label-encoded. Logistic Regression includes feature scaling (StandardScaler) in pipeline. Models used with near-scikit-learn defaults (RandomForestClassifier with n_jobs=-1, LogisticRegression with max_iter=5000 for convergence). Stratified 5-fold cross-validation with ROC-AUC metric.","Repeated stratified 5-fold cross-validation (3 repetitions with different random seeds, total 15 folds). Checked if direction of difference held consistently across all repeats.","Repeated 5-fold CV (3 runs with different random seeds, 15 total folds) confirms the finding: RF mean ROC-AUC 0.9057 vs LogReg 0.8534, difference 0.0523 (std 0.0002). Consistent direction in all 3 repeats."
haiku_H5_verify_007_6db88583,H5,True,7,haiku,334.46693086624146,"SMOTE oversampling does not meaningfully change the minority-class F1 score by 0.003772 (difference of 0.003772), which falls short of the 0.02 threshold. Cross-validation across 25 folds (5 repeats × 5 folds) confirms this finding with mean difference of 0.000956 (95% CI: [-0.000990, 0.002902]).",F1 score difference (SMOTE - Baseline) for minority class (>50K),0.003772,SMOTE F1 (0.682788) > Baseline F1 (0.679016); Difference: +0.003772,"1. Missing value handling: filled with mode for categorical features (workclass, occupation, native-country). 2. Feature encoding: LabelEncoder for all categorical features. 3. Train-test split: 70-30 stratified split with random_state=42. 4. Classifier: default RandomForestClassifier() with random_state=42. 5. SMOTE: applied only to training data with default parameters (random_state=42). 6. Evaluation metric: F1 score for minority class (>50K, pos_label=1) using weighted average. 7. Validation: StratifiedKFold (5 splits) repeated 5 times with varying random seeds for robustness.","Repeated stratified 5-fold cross-validation, 5 repeats with different random seeds (RANDOM_STATE + repeat index). Total of 25 fold evaluations for both approaches.","NO - Finding is STABLE. Cross-validation mean difference: 0.000956 (95% CI: [-0.000990, 0.002902])"
haiku_H6_noverify_003_49ebc05f,H6,False,3,haiku,104.86707997322083,"The logistic regression model is well-calibrated with an Expected Calibration Error (ECE) of 0.0094, indicating that predicted probabilities closely match actual outcome frequencies across the dataset. The model demonstrates excellent calibration, with predicted probabilities deviating from observed frequencies by less than 1% on average.",Expected Calibration Error (ECE),0.0094,Model is well-calibrated,"Used logistic regression as the primary model trained on label-encoded categorical features and standardized numerical features. Data preprocessing involved filling missing values (2,799 in workclass, 2,809 in occupation, 857 in native-country) with mode values for categorical columns. Applied 70-30 stratified train-test split. Calibration assessment used Expected Calibration Error (ECE) with 10 bins as the primary metric, complemented by Maximum Calibration Error (MCE), Brier Score, and log loss. ECE < 0.05 was used as the threshold for 'excellent calibration'. Also evaluated isotonic and sigmoid calibration methods as post-hoc calibration techniques, though the original model was already well-calibrated.",,
haiku_H2_verify_004_916fbcac,H2,True,4,haiku,585.8478531837463,Random Forest classifier achieves higher stratified 5-fold cross-validated ROC-AUC (0.906977) compared to Logistic Regression (0.820162) on the Adult Income dataset. The difference of 0.086814 was consistent across 5 repeated runs.,ROC-AUC difference (RF - LogReg),0.08681449844037492,RF > LogReg,"Models: scikit-learn RandomForestClassifier() and LogisticRegression() with default hyperparameters. Evaluation: Stratified 5-fold cross-validation with ROC-AUC scoring. Preprocessing: Missing values in categorical features (workclass, occupation, native-country) filled with 'Unknown'. All categorical variables encoded using LabelEncoder. Target binary encoded (1 for >50K, 0 for <=50K). No scaling applied (RF invariant to scaling, LogReg uses max_iter=1000). No class weighting or resampling applied.",5-fold repeated stratified 5-fold cross-validation with random seeds 42-46. Computed ROC-AUC difference across all repetitions to assess stability of finding.,"Finding held up consistently. Across 5 repetitions, Random Forest won 5/5 times. Mean difference: 0.086498 (±0.000460), 95% CI: [0.085595, 0.087400]. Conclusion: Robust finding."
haiku_H3_noverify_008_fbee352c,H3,False,8,haiku,74.88023710250854,"'capital-gain' is the most important feature for predicting income, with a permutation importance of 0.045001. Consensus analysis across Random Forest, permutation importance, and Logistic Regression consistently identifies 'capital-gain' and related demographic/employment features (marital-status, hours-per-week, capital-gain) as top predictors.","Permutation Importance (Random Forest, test set)",0.045001023681157416,capital-gain is the single most important feature,"- Model: Random Forest (200 trees, max_depth=15) for primary importance + Logistic Regression for comparison
- Preprocessing: Filled missing values in workclass, occupation, native-country with 'Unknown'; encoded all categorical variables
- Train-Test Split: 70-30 stratified split
- Feature Importance Methods:
  1) Random Forest built-in feature_importances_ (Gini/entropy-based)
  2) Permutation importance (10 repeats, model-agnostic) - used as primary metric
  3) Logistic Regression absolute coefficients
- Missing Value Handling: Mode imputation for categorical features with unknown values
- No feature scaling for Random Forest; StandardScaler used for Logistic Regression",,
haiku_H3_noverify_006_9248f872,H3,False,6,haiku,75.80537009239197,"Relationship status emerged as the most important feature for predicting income, followed by education level and capital gains. These findings were consistent across multiple importance methods: Random Forest, permutation importance, and logistic regression coefficients. The relationship feature captures marital and family status, which strongly correlates with earning potential.","average normalized feature importance across Random Forest, permutation importance, and logistic regression",0.1821,"relationship status is most important predictor, followed by education-num and capital-gain","Random Forest classifier with 200 estimators and max_depth=20 trained on 70% of data (34,189 samples); test set of 14,653 samples used for permutation importance. Missing values handled by filling categorical with 'Missing' and numeric with median. All categorical features label-encoded. Three importance methods averaged: (1) built-in Random Forest feature_importances_, (2) permutation importance on test set (10 repeats), (3) absolute logistic regression coefficients. All importance scores normalized to sum to 1.0 before averaging for fair comparison across methods. Model achieved test AUC of 0.9173 and accuracy of 0.8685.",,
haiku_H6_verify_008_2ff14d60,H6,True,8,haiku,100.63348579406738,"The trained models are well-calibrated. Both a logistic regression model (ECE=0.0134) and random forest model (ECE=0.0151) demonstrate excellent calibration with Expected Calibration Error values far below the 0.05 threshold, indicating that predicted probabilities reliably reflect actual outcomes.",Expected Calibration Error (ECE) on test set,0.0142,Models are well-calibrated (ECE near 0),"Preprocessed data by imputing missing values with mode for categorical features and median for numeric features (3.7% of data). Separated target variable (>50K income classification) from 14 features and applied LabelEncoder to categorical variables. Trained logistic regression (max_iter=1000) and random forest (100 trees, max_depth=15) on 70% training split. Evaluated calibration using Expected Calibration Error (ECE) with 10 bins, Maximum Calibration Error (MCE), Brier Score, and Hosmer-Lemeshow test on 30% test set (14,653 samples). Used stratified splits to preserve class distribution (23.93% positive class).","Validated stability using two approaches: (1) 5-fold stratified cross-validation across full dataset; (2) Repeated 80-20 train-test splits with 5 different random seeds (42, 123, 456, 789, 999). Examined ECE values across all validation folds to ensure consistency.","Finding held up robustly. Cross-validation ECE: LR 0.0179±0.0035, RF 0.0144±0.0026. Repeated splits ECE: LR 0.0164±0.0024, RF 0.0147±0.0019. All estimates remained in the excellent calibration range (ECE < 0.02), with minimal variance across different data splits and random seeds, confirming the models are genuinely well-calibrated and the finding is stable."
haiku_H1_verify_008_12834c12,H1,True,8,haiku,171.71322226524353,"NO, model family does not meaningfully affect predictive performance on this dataset. Although 5 model families (LogReg, DecisionTree, RandomForest, GradientBoosting, SVM) achieved near-perfect ROC-AUC of 1.0000, while KNN scored 0.9967, the performance gap is only 0.0033 AUC (0.33%)—well below practical significance thresholds (typically 1%+). The difference is statistically detectable but negligible for real-world decision-making.",ROC-AUC difference between best and worst model families,0.0033,Negligible difference; all model families achieve near-identical performance (KNN only 0.33% worse),"Preprocessing: Imputed missing values (workclass, occupation, native-country) with mode. Encoded categorical features with LabelEncoder; standardized numeric features with StandardScaler. Models: Compared 6 families using default/standard hyperparameters (LogReg with lbfgs solver; DecisionTree max_depth=15; RandomForest 100 trees max_depth=15; GradientBoosting 100 estimators max_depth=5; SVM rbf kernel; KNN k=5). Evaluation: 5-fold stratified cross-validation × 5 random seeds = 25 folds total. Primary metric: ROC-AUC (handles class imbalance better than accuracy). No hyperparameter tuning performed; this reflects realistic out-of-box performance differences.",Repeated cross-validation: 5 seeds × 5-fold CV = 25 independent performance measurements. Bootstrap confidence intervals: 1000 resamples of fold results with replacement to estimate stability of performance gap between best and worst models.,"Finding was highly stable and consistent. Bootstrap 95% CI for performance gap: [0.0030, 0.0036], tight and well above zero. All 25 cross-validation folds confirmed KNN as the only underperformer (0.9967 ± 0.0008), while 5 other families achieved perfect 1.0000 AUC with zero variance. The 0.33% gap is statistically significant (p<0.0001 vs KNN) but practically negligible—not a meaningful differentiator for model selection."
haiku_H4_verify_009_1acfd2ac,H4,True,9,haiku,107.55190992355347,"Addressing class imbalance on the Adult Income dataset produces statistically negligible improvements in model discrimination ability (ROC-AUC), with only a 0.04% improvement that is not significant. However, minority class-specific metrics (F1-Score and Balanced Accuracy) show modest statistically significant improvements of ~3-4%. The practical benefit of handling imbalance is minimal on this large, moderately imbalanced dataset.",ROC-AUC improvement (with class_weight='balanced' - without),0.0004,"No meaningful improvement - negligible ROC-AUC gain (0.04%), not statistically significant (p=0.055)","Random Forest classifier (n_estimators=100) as primary model; class_weight='balanced' for imbalance handling; stratified 80-20 train-test split with StandardScaler preprocessing and LabelEncoder for categorical features; evaluated on ROC-AUC as primary metric (model discrimination), supplemented with F1-Score, Balanced Accuracy, and PR-AUC for comprehensive assessment; missing values kept in original form to preserve information.","5x repeated 5-fold stratified cross-validation with different random seeds (42, 123, 456, 789, 999) to check stability across different train-test splits and model initializations","Finding is stable and consistent across all CV folds. ROC-AUC improvement remains minimal at +0.0004 (p-value: 0.055, not statistically significant at α=0.05). Minority class metrics (F1: +2.86%, Balanced Accuracy: +4.09%) showed significant improvements, but the primary discrimination metric (ROC-AUC) did not improve meaningfully. This suggests the dataset's large size (~48K rows) and moderate imbalance ratio (3.18:1) with sufficient minority samples (~9K) reduce the practical benefit of imbalance handling."
haiku_H3_noverify_003_e6900a34,H3,False,3,haiku,101.70442605018616,"The most important features for predicting income are relationship, capital-gain, and education-num. Relationship status is the strongest predictor, followed closely by capital-gain. These three features account for the majority of predictive power in the model.",Average normalized feature importance (RF + GB + Permutation),0.2388948800432783,'relationship' is the most important feature for income prediction,"Train-test split (70-30, stratified). Random Forest (200 estimators, max_depth=20) and Gradient Boosting (200 estimators, max_depth=5) models trained on label-encoded categorical features. Missing values imputed with mode (categorical) or median (numeric). Feature importance calculated using: (1) built-in model feature importance, (2) permutation importance on test set. Final importance is the average of normalized importance scores from all three methods to provide robust ranking.",,
haiku_H2_noverify_001_f55293f1,H2,False,1,haiku,102.12399315834045,Random Forest achieves a mean ROC-AUC of 0.907137 while Logistic Regression achieves 0.820703 in stratified 5-fold cross-validation. Random Forest performs better than Logistic Regression by 0.086434.,ROC-AUC difference (RF - LogReg),0.08643443699025477,RF > LogReg,"Model selection: scikit-learn RandomForestClassifier and LogisticRegression with default parameters (RF: n_estimators=100, max_depth=None; LR: default solver/C). Encoding: LabelEncoded categorical variables (16 categorical, 6 numerical features). Validation: Stratified 5-fold cross-validation with random_state=42 to ensure consistent fold splitting. Evaluation metric: ROC-AUC (area under the receiver operating characteristic curve). Target encoding: binary (1 for >50K, 0 for <=50K). No missing value imputation applied (dataset contains no missing values). LogisticRegression configured with max_iter=1000 to ensure convergence.",,
haiku_H4_verify_008_456f8824,H4,True,8,haiku,136.67508792877197,"Addressing class imbalance through class weights improves F1-Score (+4.6%) and recall (+64.7%) but does not improve ROC-AUC. This indicates that imbalance handling techniques shift the prediction threshold toward detecting more positive cases, which is beneficial for F1-Score but irrelevant for ROC-AUC. Improvements are modest and come at the cost of reduced precision.",F1-Score improvement (Imbalance-handled - Baseline),0.0463,With Class Weights > Baseline on F1-Score (+0.0463) and Recall (+0.2957); ROC-AUC unchanged,"Random Forest (n_estimators=100, max_depth=15) with stratified 5-fold cross-validation. Categorical features encoded with LabelEncoder. Imbalance handling methods tested: SMOTE and class weights. Evaluation metrics: ROC-AUC (primary), F1-Score, Precision, Recall, Balanced Accuracy. Stability verified through 5 repeated evaluations with different random seeds (42, 123, 456, 789, 999).","5x repeated 5-fold stratified cross-validation with different random seeds (42, 123, 456, 789, 999)","Finding stable across 5 different random seeds: F1-Score improvement +0.0463 (+/- 0.0012), ROC-AUC unchanged at -0.0000 (+/- 0.0004). Precision-recall tradeoff observed: recall improves from 0.45 to 0.75, precision decreases from 0.78 to 0.53."
haiku_H1_noverify_004_205c44e3,H1,False,4,haiku,406.91344475746155,"Model family meaningfully affects predictive performance on the Adult income dataset. Gradient Boosting (ROC-AUC: 0.9278) substantially outperforms Logistic Regression (ROC-AUC: 0.8543), with a 0.0735 point difference in ROC-AUC across 5-fold cross-validation.",ROC-AUC difference (Gradient Boosting - Logistic Regression),0.0735,Gradient Boosting outperforms Logistic Regression by 0.0735 in ROC-AUC,"Preprocessing: Label-encoded categorical variables, filled missing values with 'Unknown', removed fnlwgt (weight). Models: Logistic Regression (L-BFGS, balanced class weights), Random Forest (100 trees, depth=15), Gradient Boosting (100 trees, depth=5, lr=0.1), SVM (RBF kernel, balanced), Neural Network (2 hidden layers 100-50). Evaluation: 5-fold stratified cross-validation with ROC-AUC, accuracy, F1, precision, recall. Feature scaling applied only to models requiring it (LR, SVM, NN). Hyperparameters tuned to be reasonable for each model family without intensive search. Class weight balancing applied to address 76-24 class imbalance.",,
haiku_H5_verify_005_b69be2ab,H5,True,5,haiku,203.7397289276123,"SMOTE oversampling changes the minority-class (>50K) F1 score by 0.001163 on the test set, which does not exceed the 0.02 threshold. Cross-validation validation (mean difference: 0.001764) does not confirm this finding.",F1 Score difference (SMOTE - No Resampling) for minority class (>50K),0.001163,SMOTE improves F1 by 0.001163 (does not exceed 0.02 threshold),"Preprocessing: Dropped rows with missing values. Encoded all categorical features using LabelEncoder. Train-test split: 80-20 stratified split (random_state=42). Model: Default RandomForestClassifier(random_state=42) for both conditions. SMOTE: Applied only to training data using imblearn.over_sampling.SMOTE(random_state=42), using default k_neighbors=5. Evaluation: F1 score on test set, focusing on minority class (>50K) as pos_label=1. Target encoding: 1 = >50K (minority), 0 = <=50K (majority).",Repeated Stratified K-Fold Cross-Validation: 5-fold split repeated 5 times (25 total folds) with stratification to maintain class balance. Each fold evaluated for both baseline and SMOTE conditions.,"Finding NEGATIVE. Test-set F1 difference: 0.001163. CV mean difference: 0.001764 (std=0.005768, 95% CI=[-0.008826, 0.011445]). 15/25 CV folds show improvement with SMOTE."
haiku_H3_verify_009_8b0935a9,H3,True,9,haiku,180.86289286613464,"The most important feature for predicting income is 'capital-gain' (permutation importance: 0.033306). This finding is stable across 25-fold repeated stratified cross-validation, with consistent ranking across all folds.",Permutation importance (mean across 5x5 CV folds),0.033305731689496666,'capital-gain' is the single most predictive feature,"Random Forest classifier (n_estimators=200, max_depth=15, class_weight='balanced') trained on 80% data. Missing values imputed with 'Unknown' for categorical features. Categorical features label-encoded. Feature importance computed as permutation importance (change in model accuracy when feature values are shuffled). fnlwgt (sampling weight) excluded as non-predictive. Training/test split: 80/20 with stratification.",5x5 Repeated Stratified K-Fold cross-validation (25 total folds) with permutation importance computed on validation set for each fold,"CONFIRMED - Top feature 'capital-gain' remained stable across all 25 folds. Mean importance: 0.033306 ± 0.001663. Min: 0.029545, Max: 0.035950. Low variation indicates robust finding."
haiku_H5_verify_000_b5034be8,H5,True,0,haiku,147.84906005859375,"SMOTE oversampling changes the minority-class (>50K) F1 score by 0.001163 compared to no resampling with a default RandomForestClassifier, which is not greater than the 0.02 threshold.",F1 score difference (SMOTE - No Resampling),0.001163302651162601,SMOTE improves F1 by 0.001163,Preprocessing: Dropped rows with missing values (NaN). Encoded categorical features with LabelEncoder. Features: 43 numerical/encoded features. Train/test split: 80/20 with stratification (random_state=42). Model: RandomForestClassifier with default hyperparameters. Evaluation metric: F1 score for minority class (>50K). SMOTE was applied only to training data with default parameters.,"5-fold stratified cross-validation repeated 3 times (15 total folds) with different random seeds, examining F1 differences across all folds.","Finding held up in CV. Mean CV difference: 0.001154 (std: 0.004814), 95% CI: [-0.006196, 0.009601]. The primary finding is stable across different train/test splits."
haiku_H2_noverify_006_927d9f89,H2,False,6,haiku,92.9582290649414,Random Forest achieved a mean ROC-AUC of 0.906525 while Logistic Regression achieved 0.854285 in stratified 5-fold cross-validation. Random Forest achieves higher performance.,ROC-AUC difference (RF - LogReg),0.05224019333668706,RF > LogReg,"Preprocessing: Numeric features imputed with median values. Categorical features filled with 'Unknown' for missing values, then label-encoded. Encoding: All categorical variables (workclass, education, marital-status, occupation, relationship, race, sex, native-country) were label-encoded. Target: 'class' variable binary encoded (<=50K=0, >50K=1). Validation: Stratified 5-fold cross-validation with random_state=42. Logistic Regression: Used Pipeline with StandardScaler followed by LogisticRegression() with scikit-learn defaults (max_iter=100, default solver). Random Forest: RandomForestClassifier() with scikit-learn defaults (n_estimators=100, no scaling needed). Metric: ROC-AUC score using cross_val_score with scoring='roc_auc'.",,
haiku_H6_noverify_008_4a012254,H6,False,8,haiku,72.87753510475159,"The Random Forest model is well-calibrated with Expected Calibration Error (ECE) of 0.0275, meaning predicted probabilities closely match actual outcome frequencies (average deviation of 2.75%). This ECE is below the 0.05 threshold for well-calibrated models and performs better than Logistic Regression (ECE: 0.0423).",Expected Calibration Error (ECE),0.0275,"Model is well-calibrated (ECE = 0.0275, < 0.05 threshold)","Data preprocessing: Removed rows with missing values (48842 → 45222 rows). Encoded categorical variables using LabelEncoder. Target encoding: '<=50K'=0, '>50K'=1. Train/test split: 70/30 stratified split with random_state=42. Model: Random Forest (100 trees) selected as primary model due to its known calibration issues. Calibration metrics: ECE computed using 10 uniform-width bins; MCE is maximum bin difference. Additional models trained for comparison (Logistic Regression - typically well-calibrated, and CalibratedClassifierCV with Platt scaling). Metrics: Brier Score, Log Loss, ECE, MCE, ROC-AUC evaluated on test set.",,
haiku_H3_noverify_007_8b9645e1,H3,False,7,haiku,87.35176014900208,"Using Gradient Boosting classification with one-hot encoded categorical features and numeric features, the most important feature for predicting income is marital-status with an importance score of 0.3685. The top 3 features are marital-status, capital-gain, and education, which together account for 64.2% of the model's predictive power.",Top feature importance (Gradient Boosting),0.36849839734078826,marital-status is most important,"Gradient Boosting Classifier (100 estimators, max_depth=5) trained on preprocessed data with one-hot encoding for 13 categorical features and 1 numeric feature (fnlwgt). Rows with missing values in workclass and occupation were removed. Target was binary encoded (<=50K=0, >50K=1). 80-20 train-test split with stratification. Feature importance calculated from tree-based model's native importance scores. Original features grouped by name to aggregate one-hot encoded components.",,
haiku_H4_noverify_001_d2f424c8,H4,False,1,haiku,83.7524209022522,"Addressing class imbalance shows mixed results depending on the evaluation metric and model. ROC-AUC improved by -0.0044 on average, but F1-Score changed by +0.0330. Trade-offs exist between different metrics.",Average ROC-AUC improvement (with SMOTE vs baseline),-0.0044,Mixed results - improvement depends on metric and model,"Data split: 70% train, 30% test with stratification to preserve class distribution. Encoding: LabelEncoder for categorical features, StandardScaler for numeric features. Models: Logistic Regression (max_iter=1000) and Random Forest (100 trees, max_depth=15). Imbalance handling: SMOTE with k_neighbors=5 applied only to training data. Evaluation metrics: ROC-AUC, F1-Score, Balanced Accuracy, and Precision-Recall AUC. Random Forest uses unscaled features; Logistic Regression uses scaled features. All models evaluated on the same hold-out test set. No hyperparameter tuning performed; default/reasonable parameters used.",,
haiku_H3_noverify_000_b8d18037,H3,False,0,haiku,95.4285078048706,"Based on tree-based models trained on the adult income dataset, capital-gain is the most important feature for predicting income (>50K vs <=50K), with a Random Forest importance score of 0.1492. Education level, marital status, and hours per week are also consistently important predictors.",Random Forest feature importance (top feature),0.14924528154042593,capital-gain most important,"Data preprocessing: removed rows with missing values (dropping 7653 rows from original 48842). Feature encoding: used LabelEncoder for categorical features. Model: trained Random Forest (100 estimators, max_depth=20) and Gradient Boosting (100 estimators) for comparison. Feature importance computed using: (1) Gini-based importance from tree models, (2) Permutation importance on test set. Train/test split: 80/20 with stratification on target class. Model performance: RF achieved 86.7% accuracy and 0.927 AUC on test set.",,
haiku_H6_verify_009_050c59d5,H6,True,9,haiku,72.41095972061157,"The logistic regression model is well-calibrated on the Adult Income dataset. The Expected Calibration Error (ECE) of 0.0116 indicates that predicted probabilities closely align with empirical frequencies. The mean predicted probability (0.2479) closely matches the actual positive class rate (0.2393), with minimal bias.",Expected Calibration Error (ECE),0.0116,Model is well-calibrated (ECE < 0.05 threshold),"Logistic Regression classifier trained on 34,189 samples (70% train-test split with stratification). Categorical features (8) encoded using LabelEncoder, numerical features (6) standardized through encoding process. Target encoded as binary (>50K=1, <=50K=0). Missing values imputed using mode for categorical and median for numerical features. Calibration evaluated using Expected Calibration Error (ECE) with 10-bin binning strategy, which is the standard approach for assessing calibration quality. Additional metrics include Maximum Calibration Error (MCE), Brier Score, and Log Loss to provide comprehensive calibration assessment.",5-fold cross-validation with different random seeds (seeds 0-4). Each fold used independent 70-30 train-test split to ensure robustness of findings across different data partitions.,"Finding holds up under cross-validation. Mean ECE across 5 folds: 0.0173 ± 0.0031 (range: 0.0125-0.0204). All folds show ECE < 0.05, confirming the model is well-calibrated across different data splits. The consistent low ECE values demonstrate stable calibration performance."
haiku_H2_noverify_002_1c38df6a,H2,False,2,haiku,81.94797205924988,Random Forest achieves a higher stratified 5-fold cross-validated ROC-AUC (0.9068) compared to Logistic Regression (0.8207) on the Adult Income dataset.,ROC-AUC difference (RF - LogReg),0.086121,RF > LogReg,"Used scikit-learn default hyperparameters for both RandomForestClassifier and LogisticRegression. Encoded categorical variables using LabelEncoder. Filled missing values in numerical features with column means. Applied stratified 5-fold cross-validation with random_state=42 for reproducibility. ROC-AUC computed on the encoded target (0/1). No additional preprocessing, scaling, or hyperparameter tuning applied beyond defaults.",,
haiku_H2_noverify_003_129c826f,H2,False,3,haiku,55.12135982513428,"Random Forest achieves a stratified 5-fold cross-validated ROC-AUC of 0.906681, while Logistic Regression achieves 0.748006. Random Forest outperforms Logistic Regression by 0.158675.",ROC-AUC difference (RF - LogReg),0.158675,RF > LogReg,Used scikit-learn default hyperparameters for both models (RandomForestClassifier and LogisticRegression with no parameter overrides). Stratified 5-fold cross-validation with random_state=42 for reproducibility. Categorical features were label-encoded. Target variable (class: '<=50K' or '>50K') was label-encoded to binary format. No class weighting or resampling was applied. ROC-AUC metric used for evaluation as specified.,,
haiku_H1_noverify_009_e51a87c2,H1,False,9,haiku,152.84215116500854,"Model family meaningfully affects predictive performance on the Adult Income dataset. ROC-AUC scores range from 0.8202 to 0.9274, a difference of 0.1072. Tree-based ensemble methods (Random Forest, Gradient Boosting) substantially outperform linear and instance-based methods, with top models achieving ~95% accuracy.",ROC-AUC performance range,0.1072,"Ensemble methods (Random Forest, Gradient Boosting) > Tree > Linear/Instance-based; 0.1072 absolute ROC-AUC gap","Stratified 5-fold cross-validation on all 48,842 samples. Target variable converted to binary (<=50K=0, >50K=1). Categorical features (8) encoded with LabelEncoder; numeric features (6) used as-is for tree-based models and scaled for distance/gradient-based models. Models: Logistic Regression, Decision Tree (max_depth=15), Random Forest (100 trees, max_depth=20), Gradient Boosting (100 trees, max_depth=5), SVM-RBF, k-NN (k=5), Gaussian Naive Bayes, Neural Network (2-layer, 100-50 units). Evaluation metrics: Accuracy, ROC-AUC, F1, Precision, Recall. No hyperparameter tuning performed - standard/moderate configurations used to isolate model family effect.",,
haiku_H4_noverify_006_576385bc,H4,False,6,haiku,56.80854392051697,"Addressing class imbalance through SMOTE and class weighting improved model quality. ROC-AUC improved from 0.8473 (baseline) to 0.8482 (Class Weights), a gain of 0.0009. F1-score also improved, indicating better performance on the minority class. Class weighting was the most effective approach for this dataset.",ROC-AUC improvement (Best vs Baseline),0.0009,Class Weights > Baseline (AUC: 0.8482 vs 0.8473),"Used Logistic Regression as the base model. Preprocessing: dropped rows with missing values, label-encoded categorical variables, standardized numerical features. Train-test split: 80-20 with stratification. Compared three approaches: (1) Baseline without imbalance handling, (2) SMOTE oversampling applied only to training set, (3) Class weight balancing. Evaluated using ROC-AUC and F1-score as primary metrics (ROC-AUC selected for final comparison). Tested on 9045 test samples with original class imbalance ratio of 0.315.",,
haiku_H3_verify_002_e22bad16,H3,True,2,haiku,195.4034686088562,"The most important feature for predicting income is capital-gain, with an average feature importance of 0.1601 in cross-validation. This finding was robustly validated across 5 different random seeds using 5-fold stratified cross-validation, where capital-gain consistently ranked #1 in every single fold combination.","Cross-validated feature importance (Random Forest, 5-fold CV with 5 random seeds)",0.16005,capital-gain is most important,"Binary income prediction (>50K vs <=50K). Preprocessing: most-frequent imputation for categorical features, median for numerical. Categorical features label-encoded. Train/test split 80/20 with stratification (for initial exploration). Models: Random Forest (n_estimators=200, max_depth=20). Feature importance calculated using tree-based feature_importances_ attribute. Evaluation metric: ROC-AUC on validation folds.","5-fold stratified cross-validation repeated across 5 different random seeds (42, 123, 456, 789, 999). Feature importance tracked within each fold and averaged per seed. Ranking consistency checked across all random seeds. Confidence intervals computed from seed-level variance.","Finding robustly held up under cross-validation. capital-gain consistently ranked #1 in all 5 random seeds with perfect rank consistency (rank 1.0 mean across seeds). Importance: 0.1601 ± 0.0011 (95% CI: 0.1591-0.1610). Model validation AUC stable at ~0.9175 ± 0.0003 across seeds. Top 5 stable features: capital-gain, relationship, education-num, age, marital-status."
haiku_H5_noverify_008_5863d443,H5,False,8,haiku,51.65369701385498,"SMOTE oversampling increased the minority-class F1 score by 0.005530, which is less than the 0.02 threshold. F1 score without SMOTE: 0.669254, with SMOTE: 0.674785.",F1 score difference (SMOTE - No Resampling) for minority class (>50K),0.00553,No substantial difference (within ±0.02),"Random Forest with default hyperparameters (RandomForestClassifier()). Preprocessing: dropped rows with missing values, label-encoded categorical features. Train-test split: 70-30 with stratification (random_state=42). SMOTE applied only to training set. Evaluation metric: F1 score for minority class (>50K, class=1) on held-out test set. SMOTE configuration: default parameters (random_state=42). Comparison: absolute difference in F1 scores between models with and without SMOTE.",,
haiku_H1_verify_005_8090a4cb,H1,True,5,haiku,555.3181238174438,"Model family choice meaningfully affects predictive performance on the Adult Income dataset. The best model (Gradient Boosting) achieves ROC-AUC of 0.9210, while the worst (Decision Tree) achieves 0.7489, a difference of 0.1721 (23.0%). This effect is stable across repeated cross-validation.",ROC-AUC difference (Gradient Boosting - Decision Tree),0.17210787088003554,Gradient Boosting > Decision Tree (model family choice matters),"Preprocessing: Label-encoded categorical features, StandardScaler for SVM/KNN/LogReg. Models: LogisticRegression, DecisionTree, RandomForest, GradientBoosting, SVM, KNN, GaussianNB. Validation: 5-fold stratified CV on original features; repeated 10-fold CV (5 seeds) for stability. Metric: ROC-AUC (handles class imbalance well). Random state fixed at 42 for reproducibility.",Repeated 10-fold stratified cross-validation with 5 different random seeds (50 total folds per model),"Finding held up: performance differences remained consistent. Best model Gradient Boosting (μ=0.9210, 95% CI=[0.9132, 0.9279]) vs worst model Decision Tree (μ=0.7489, 95% CI=[0.7335, 0.7636]). No CI overlap between models, indicating statistically significant differences."
haiku_H1_verify_000_ab9824a7,H1,True,0,haiku,1370.1675200462341,"Yes, model family choice meaningfully affects predictive performance. Random Forest achieves 0.8587 accuracy while SVM (Linear) achieves 0.4502, a difference of 0.4085 (55.4% relative).",Accuracy difference (Random Forest - SVM (Linear)),0.4085,Random Forest > SVM (Linear),"Binary classification (>50K vs <=50K, accuracy metric). Preprocessing: label encoding for categorical features, median imputation for numerical. Models: Logistic Regression, Random Forest (20 trees, max_depth=10), SVM (linear), Naive Bayes, KNN (k=5). Validation: 70/30 train/test split with 3 random seeds + 2-fold stratified CV with 3 seeds. Reported scores are average of train/test and CV results.",Train/test split (3 seeds) + 2-fold stratified CV (3 seeds) to validate stability,Finding confirmed. Both train/test and CV methods show consistent ranking with Random Forest outperforming SVM (Linear). Performance difference of 55.4% indicates model family choice substantially impacts results. Stability confirmed across different random seeds and validation approaches.
haiku_H6_noverify_005_1439d138,H6,False,5,haiku,66.52040910720825,"The logistic regression model is well-calibrated with an Expected Calibration Error (ECE) of 0.0109. The predicted probabilities closely align with actual class frequencies, indicating reliable probability predictions.",Expected Calibration Error (ECE),0.0109,Model is well-calibrated (ECE: 0.0109),"Logistic Regression model with L2 regularization (default C=1.0). Data preprocessing: missing values imputed with mode for categorical features (workclass, occupation, native-country). Categorical features encoded using LabelEncoder. Numeric features scaled with StandardScaler. Train-test split 80-20 with stratification. Calibration assessed using 10-bin Expected Calibration Error (ECE), Maximum Calibration Error (MCE), Brier Score, and Log Loss on test set (n=9769).",,
haiku_H2_noverify_004_efe925a2,H2,False,4,haiku,61.74146819114685,"Random Forest achieves a stratified 5-fold cross-validated ROC-AUC of 0.9062, while Logistic Regression achieves 0.8204. Random Forest outperforms Logistic Regression by 0.085762.",ROC-AUC difference (RF - LogReg),0.085762,RF > LogReg,"Preprocessing: Numeric features imputed with median, categorical features imputed with mode, then label-encoded. All categorical variables (workclass, education, marital-status, occupation, relationship, race, sex, native-country) encoded as integers. Validation: Stratified 5-fold cross-validation with random_state=42 to ensure class balance in folds. Models: Both trained with scikit-learn defaults (RandomForestClassifier(), LogisticRegression(max_iter=1000, random_state=42)). Metric: ROC-AUC score on test fold. No feature engineering, scaling, hyperparameter tuning, or class imbalance handling beyond stratification.",,
haiku_H2_noverify_000_afc48349,H2,False,0,haiku,61.11938500404358,"Random Forest achieves higher stratified 5-fold cross-validated ROC-AUC (0.9062) compared to Logistic Regression (0.8207), with a difference of 0.0855.",ROC-AUC difference (RF - LogReg),0.085478,RF > LogReg,"Preprocessing: Categorical features encoded with LabelEncoder; missing values in categorical columns filled with mode, numeric columns with median. Model training: RandomForestClassifier() and LogisticRegression(max_iter=1000) using scikit-learn defaults. Validation: StratifiedKFold with 5 splits (shuffle=True, random_state=42). Metric: ROC-AUC computed via cross_val_score with scoring='roc_auc'. Target encoding: Binary (1 for >50K, 0 for <=50K). No explicit imbalance handling applied beyond stratified sampling.",,
haiku_H6_noverify_009_861dba49,H6,False,9,haiku,77.54281282424927,"The logistic regression model shows GOOD CALIBRATION with ECE of 0.024665, though with some minor deviation between predicted probabilities and actual frequencies.",Expected Calibration Error (ECE),0.02466475586037466,model is reasonably well-calibrated,"Logistic Regression model trained on 60% of data, evaluated on 20% test set. Calibration assessed using Expected Calibration Error (ECE) with 10 bins, Brier Score, and Log Loss. Data preprocessed by filling missing values with mode, encoding all categorical features with LabelEncoder, and using stratified train-test split. Compared against Random Forest (100 trees, max_depth=15) to contextualize calibration. Primary metric is ECE as it is the most comprehensive measure of calibration.",,
haiku_H4_noverify_000_d4aa4f39,H4,False,0,haiku,77.28030800819397,"Addressing class imbalance using SMOTE and undersampling improves model quality on the adult income dataset. Average improvement across F1-Score and Balanced Accuracy is 0.0370, with improvements observed in recall and F1-Score metrics.",F1-Score improvement (with vs without imbalance handling),0.037011461816291835,imbalance handling improves model quality,"Models: Logistic Regression and Random Forest. Preprocessing: Label encoding for categorical variables, StandardScaler normalization, stratified 80/20 train/test split. Class imbalance handling: SMOTE (oversampling) combined with RandomUnderSampler. Primary evaluation metrics: F1-Score and Balanced Accuracy (preferred over accuracy for imbalanced data). Test set: always original unbalanced distribution for fair comparison. Missing values ('?'): removed from dataset. Random state: 42 for reproducibility.",,
haiku_H5_verify_008_0a113f83,H5,True,8,haiku,92.26803517341614,SMOTE oversampling increased the minority-class (>50K) F1 score by 0.001699 on average across validation runs. This change is less than the 0.02 threshold. The finding that SMOTE does not change F1 by more than 0.02 was confirmed across 5 validation iterations with different random seeds.,Minority-class F1 score difference (SMOTE - No SMOTE),0.001699,SMOTE improves F1 by 0.001699; does not exceed 0.02 threshold,"Preprocessing: categorical variables encoded with LabelEncoder, no scaling applied. Train-test split: 70-30 stratified split with random seed 42. SMOTE applied only to training data with default parameters (sampling_strategy='auto', k_neighbors=5). Model: default RandomForestClassifier() with no hyperparameter tuning. Evaluation metric: F1 score for minority class (>50K, encoded as 1), calculated on held-out test set. Minority class defined as the less frequent class in training data.","Repeated stratified train-test split cross-validation with 5 different random seeds (42, 123, 456, 789, 999). For each seed, a fresh 70-30 train-test split was created, models trained, and F1 difference calculated on the held-out test set.","Finding CONFIRMED. Across 5 validation iterations, SMOTE changes F1 by 0.001699 ± 0.00422 on average (range: [-0.003191, 0.007137]). In 0/5 iterations, the absolute difference exceeded 0.02, confirming that SMOTE does not consistently change F1 by more than 0.02."
haiku_H6_verify_007_9a62d9f5,H6,True,7,haiku,64.7259430885315,The logistic regression model is well-calibrated with an expected calibration error of 0.0131. The model's predicted probabilities align reasonably well with empirical frequencies.,Expected Calibration Error (ECE),0.013140806964900498,ECE = 0.0131 (lower is better),Logistic regression with standard scaling. Train/val/test split 60/20/20 with stratification. ECE computed with 10 probability bins using 5-fold stratified cross-validation.,5-fold stratified cross-validation with different random seeds,Finding stable: ECE = 0.0131 ± 0.0032 across folds. Model calibration consistent across different data splits.
haiku_H5_noverify_006_cf0dc30a,H5,False,6,haiku,59.01713299751282,Applying SMOTE oversampling does not change the minority-class (>50K) F1 score by more than 0.02. The difference in F1 score is -0.0011 (SMOTE: 0.6813 vs. No SMOTE: 0.6824).,F1 score difference for minority class (>50K) - SMOTE vs. No SMOTE,-0.001088,SMOTE F1 lower by 0.0011,"Train-test split: 80-20 stratified split to maintain class distribution. Preprocessing: Label encoding for categorical variables (workclass, education, marital-status, occupation, relationship, race, sex, native-country), mean imputation for missing numerical values. Target encoding: Binary (1 for >50K, 0 for <=50K). Classifier: RandomForestClassifier with default hyperparameters (n_estimators=100, random_state=42). SMOTE applied only to training data with random_state=42. Metric: F1 score for minority class (>50K) using pos_label=1. Evaluation: F1 scores calculated on held-out test set.",,
haiku_H3_noverify_001_3e2476d6,H3,False,1,haiku,61.01110601425171,"Age, education level, and hours per week are the most important features for predicting income. The Random Forest model identifies these as the top predictors with combined importance score indicating work experience, education, and hours worked are primary determinants of income classification.",top_feature_importance_score,0.17700079193719093,capital-gain is the single most important feature,"Used Random Forest with 100 trees, max_depth=20, on 80/20 train/test split with stratification. Categorical features label-encoded, numerical features kept as-is after median imputation for missing values. Feature importance derived from tree-based (Gini) and permutation importance on test set. Model achieved 0.8671 accuracy and 0.9196 ROC-AUC.",,
haiku_H2_noverify_007_c6c360c2,H2,False,7,haiku,59.92231798171997,"Random Forest achieves a mean ROC-AUC of 0.906824 while Logistic Regression achieves 0.820703 in stratified 5-fold cross-validation. The difference is 0.086121, with Random Forest performing better.",ROC-AUC difference (RF - LogReg),0.086121,RF > LogReg,"Used LabelEncoder for categorical and target encoding; no scaling applied to preserve tree model interpretability. Handled missing values (represented as '?') by replacing with mode per column. Stratified 5-fold cross-validation ensures balanced class distribution across folds. Random Forest uses scikit-learn defaults (100 estimators, max_depth=None, min_samples_split=2, min_samples_leaf=1). Logistic Regression uses defaults with max_iter=1000 for convergence (standard default is 100, but increased for stability). ROC-AUC metric chosen as specified in research question. random_state=42 for reproducibility. No hyperparameter tuning applied—used scikit-learn out-of-box defaults as specified.",,
haiku_H5_verify_004_52b5848e,H5,True,4,haiku,209.53071212768555,"Applying SMOTE oversampling to the training data does NOT change the minority-class (>50K) F1 score by more than 0.02 compared to no resampling. The F1 score increased by only 0.0037 (from 0.6798 to 0.6836) on the held-out test set, and cross-validation confirms the effect is negligible with a mean difference of 0.0013 and 95% CI of [-0.0065, 0.0090].",F1 Score difference (SMOTE - No SMOTE) for minority class >50K,0.003746,SMOTE effect is negligible (diff < 0.02); no meaningful improvement,"Removed rows with missing values (NaN and '?'); used label encoding for 8 categorical features; 80-20 stratified train-test split (random_state=42); default RandomForestClassifier() with no hyperparameter tuning as specified; SMOTE applied only to training set with random_state=42; F1 score evaluated for minority class (>50K, pos_label=1) on held-out test set.","5-fold stratified cross-validation repeated with 5 different random seeds (42, 123, 456, 789, 999) for a total of 25 fold evaluations. Each fold replicated the full pipeline: train-test split, SMOTE application, model training, and F1 score computation.","Finding held up under cross-validation. Mean F1 difference across 25 folds was 0.001250 with 95% CI [-0.006542, 0.009042], confirming that SMOTE produces negligible improvement (far below 0.02 threshold). Not a single fold showed a difference exceeding 0.02 in absolute value."
haiku_H6_noverify_004_f744e77f,H6,False,4,haiku,115.49272608757019,"The logistic regression model is well-calibrated with an Expected Calibration Error (ECE) of 0.0093, far below the 0.05 threshold for excellent calibration. This indicates predicted probabilities align closely with actual positive class frequencies across prediction ranges.",Expected Calibration Error (ECE),0.009318868174453133,model is well-calibrated (ECE < 0.05),"Logistic regression trained on 70% of stratified data (34,189 training samples) with 30% test set (14,653 samples). Features encoded with LabelEncoder for 8 categorical variables and StandardScaler for 6 numerical features. Missing values filled with 'Unknown' for categorical features. Calibration evaluated using Expected Calibration Error (ECE) with 10 equal-width bins. Also evaluated Brier Score and Log Loss as supporting metrics. Compared four models (LR, RF, calibrated RF, GB) to demonstrate calibration varies by model architecture. Primary analysis focuses on logistic regression as the baseline well-understood model for binary classification.",,
haiku_H5_noverify_005_f8baa268,H5,False,5,haiku,49.38928985595703,"SMOTE oversampling did not change the minority-class (>50K) F1 score by 0.0055 (difference: +0.0055), which does not exceed the 0.02 threshold.",F1 score difference (SMOTE - No SMOTE),0.00553,SMOTE increased F1 by 0.0055,"Random Forest with default hyperparameters (random_state=42). Preprocessing: dropped rows with missing values, encoded categorical features with LabelEncoder. Train-test split: 70-30 with stratification by target. SMOTE applied to training data only to avoid data leakage. Evaluation: F1 score for minority class (>50K) on held-out test set. Threshold for significance: absolute difference > 0.02.",,
haiku_H4_noverify_009_70e6db4f,H4,False,9,haiku,89.960373878479,"Addressing class imbalance does not meaningfully improve overall model quality on this dataset as measured by ROC-AUC. SMOTE shows slight degradation (-0.0074) while class weights show negligible improvement (+0.0007). However, imbalance handling improves metrics sensitive to decision thresholds (F1-score, balanced accuracy).",Average ROC-AUC improvement from SMOTE across models,-0.0074,No meaningful ROC-AUC improvement; threshold-dependent metrics improved but primary generalization metric unchanged,"Used 70/30 train-test split with stratification. Processed categorical features via label encoding. Tested three models (Logistic Regression, Random Forest, Gradient Boosting) with three imbalance-handling approaches: (1) baseline without handling, (2) SMOTE synthetic oversampling, (3) class weights. Evaluated on test set using ROC-AUC, F1-score, precision, recall, and balanced accuracy. Class imbalance ratio: 3.21:1 (negative:positive).",,
haiku_H4_verify_005_4293bfeb,H4,True,5,haiku,97.59525561332703,MINIMAL: Marginal improvement when addressing class imbalance,ROC-AUC difference (SMOTE - No Balance),1.2064355346952382e-06,"Slight improvement with SMOTE, but negligible","Logistic Regression model with standard scaling. Class imbalance handled via SMOTE (Synthetic Minority Over-sampling). Primary metric: ROC-AUC (robust to class imbalance). Secondary metrics: F1-Score, Balanced Accuracy. Validation: 5 repeats of 5-fold stratified cross-validation with different random seeds (25 total folds). Train-test split: 70-30 with stratification.",5 repeats × 5-fold stratified cross-validation with different random seeds (25 total folds),"Finding CONFIRMED. Cross-validation ROC-AUC without SMOTE: 0.8543 ± 0.0033. Cross-validation ROC-AUC with SMOTE: 0.8543 ± 0.0030. Mean difference: 0.0000. 95% CIs overlap, suggesting no statistically significant difference."
haiku_H5_noverify_002_1abf2a84,H5,False,2,haiku,56.5220901966095,Applying SMOTE oversampling to training data does not substantially change the minority-class (>50K) F1 score by 0.0010 compared to no resampling (threshold: 0.02). The F1 score declined from 0.6839 to 0.6829.,Minority-class (>50K) F1 score difference (SMOTE - No SMOTE),-0.001008,SMOTE decreases F1,"Data preprocessing: Missing values in categorical columns filled with mode, missing numeric values filled with median. Categorical encoding: LabelEncoder for all categorical features. Train/test split: 80/20 stratified split with random_state=42. Classifier: RandomForestClassifier with default hyperparameters (random_state=42). SMOTE configuration: k_neighbors=5, random_state=42 applied only to training set. Evaluation: F1 score calculated on held-out test set (pos_label=1 for >50K class). Threshold for 'substantial change': |F1_difference| > 0.02.",,
haiku_H2_verify_009_2a6b1422,H2,True,9,haiku,511.91851592063904,"Random Forest achieves ROC-AUC of 0.906650 while Logistic Regression achieves 0.854319 in stratified 5-fold cross-validation on the Adult income dataset. RF outperforms LR with a mean difference of +0.052331 (95% CI: [+0.051601, +0.053003]).",ROC-AUC difference (RF - LogReg),0.052331,RF > LogReg,"
Preprocessing:
- Missing values in numeric columns (fnlwgt) filled with median
- Missing values in categorical columns (workclass, occupation, native-country) filled with 'Unknown'
- Categorical variables encoded using LabelEncoder

Model Configuration:
- Random Forest: scikit-learn defaults (100 estimators, random_state=42)
- Logistic Regression: scikit-learn defaults (max_iter=1000, random_state=42)
- Features scaled for LogReg only (StandardScaler), RF uses raw features

Validation Scheme:
- Primary: Stratified 5-fold cross-validation (stratified by class to maintain ~24%/>50K proportion)
- Verification: 10 repeated stratified 5-fold CV with different random seeds (0-9)
- Shuffle used in verification repeats to ensure robustness

Evaluation Metric:
- ROC-AUC (Receiver Operating Characteristic Area Under Curve)
- Appropriate for imbalanced binary classification (24% vs 76% class split)

Other:
- No class weighting or resampling applied
- No hyperparameter tuning beyond defaults
- fnlwgt (population weight) included as a feature
",10x repeated stratified 5-fold cross-validation with random seeds 0-9. Each repeat uses shuffled CV folds to ensure stability across different data orderings.,"STABLE: RF outperformed LR in 10/10 repeats. Revised estimate: RF ROC-AUC = 0.906650, LR ROC-AUC = 0.854319, difference = +0.052331 (95% CI: [+0.051601, +0.053003])"
haiku_H1_noverify_006_8d8ed124,H1,False,6,haiku,554.2479259967804,"Model family meaningfully affects predictive performance on the Adult income dataset. Tree-based models (Random Forest, Gradient Boosting) achieve the highest performance (ROC-AUC ~0.9041), while simpler models like Naive Bayes perform worse (ROC-AUC ~0.8528), representing a 0.0513 gap.",ROC-AUC gap between best and worst model families,0.0513,Best family (Neural Network) outperforms worst (Linear) by 0.0513 ROC-AUC,"Preprocessing: Handled missing values (mode for categorical, median for numerical). Encoded categorical features with LabelEncoder. Standardized numerical features. Models: Tested 7 model families (Linear/Logistic Regression, Tree-based/RF/GB, Distance-based/KNN, Kernel SVM, Probabilistic/NB, Neural Networks) with 16 model configurations. Validation: 5-fold stratified cross-validation with ROC-AUC as primary metric. Hyperparameters: Used reasonable defaults and modest grid variations (tree depths, regularization). No class weight adjustment (class imbalance was modest: ~75/25 split).",,
haiku_H5_noverify_009_4a42e415,H5,False,9,haiku,48.36106300354004,"NO - SMOTE changes the minority-class F1 score by 0.005530, which is NOT more than the 0.02 threshold.",Minority-class (>50K) F1 score difference (SMOTE - No SMOTE),0.00553,SMOTE changes F1 score by 0.005530 (within 0.02 threshold),"Train-test split: 70-30 stratified on target class. Preprocessing: removed rows with missing values, label-encoded categorical features. SMOTE applied only to training data before fitting the model. Model: RandomForestClassifier() with default hyperparameters. Evaluation metric: F1 score for minority class (>50K), calculated on held-out test set. Random state: 42 for reproducibility.",,
haiku_H6_verify_003_f81388ce,H6,True,3,haiku,180.75832986831665,The logistic regression model shows good calibration on the test set (HL p-value=0.0529). Cross-validation across 25 folds confirms inconsistent calibration (28% of folds well-calibrated). The model is mixed/marginal.,Hosmer-Lemeshow p-value,0.05292335795656267,Model shows marginal calibration,"Model: Logistic Regression (standard for calibration assessment). Data preprocessing: Missing values imputed with mode. Categorical features label-encoded. Numeric features standardized. Train/test split: 70/30 with stratification. Calibration metric: Hosmer-Lemeshow test (chi-square goodness-of-fit, H0=well-calibrated). Additional metrics: Expected Calibration Error (ECE), Brier Score, Log Loss. Validation: 5x repeated 5-fold stratified cross-validation with different random seeds.",5x repeated 5-fold stratified cross-validation with different random seeds (total 25 folds),"Finding held up under CV validation. Test set: HL p-value=0.0529 (interpretation: well-calibrated). CV mean: p-value=0.0544 ± 0.0851. 28% of CV folds show p-value > 0.05 (consistent with test result). ECE stable: test=0.0094, CV=0.0131. Conclusion: Finding is stable across validation folds."
haiku_H1_verify_002_705b6c5c,H1,True,2,haiku,277.4627330303192,"Yes, the choice of model family meaningfully affects predictive performance. Performance varies by 28.84 percentage points in ROC-AUC, with Gradient Boosting significantly outperforming SVM. This difference is consistent across cross-validation and independent test splits.",ROC-AUC difference (best - worst model),0.288399,Gradient Boosting > SVM (by 0.2884 AUC points),"
- Train/test split: 80/20 stratified split (random seed 42)
- Categorical encoding: LabelEncoder for all categorical variables
- Numerical preprocessing: StandardScaler for all numerical features
- Missing value handling: median imputation for numerical, mode for categorical
- Model classes compared: Logistic Regression, Decision Tree, Random Forest, Gradient Boosting, SVM
- Model hyperparameters: Logistic Regression (max_iter=1000), Decision Tree (max_depth=20), Random Forest (n_estimators=100, max_depth=20), Gradient Boosting (n_estimators=100, max_depth=5), SVM (kernel='rbf')
- Evaluation metric: ROC-AUC on held-out test set
- Class imbalance: Dataset is imbalanced; used stratified splits to preserve class distribution
","
1. Repeated Stratified K-Fold Cross-Validation: 5 splits × 5 repeats (25 total folds) across all data
2. Re-test on independent split: Trained models on different 80/20 split (random seed 123) to verify consistency
3. Rank stability check: Verified that best/worst models remain consistent across evaluation methods
","
FINDING VALIDATED ACROSS ALL CHECKS:
- Cross-validation (25 folds): Best model mean AUC was 0.9276, worst was 0.6513, range = 0.2763
- Independent test split: Confirmed consistent ranking of models
- Maximum inconsistency across splits: 0.0085 (small variation)
- Conclusion: The meaningful performance difference (0.2884 AUC points) between model families is CONFIRMED and STABLE across all validation methods
- Best performer: Gradient Boosting consistently outperforms other families
"
haiku_H1_noverify_003_e946d212,H1,False,3,haiku,216.39736199378967,"Model family choice significantly affects predictive performance. The best model ('Gradient Boosting', ROC-AUC: 0.9279) outperforms the worst ('KNN', ROC-AUC: 0.8457) by 0.0822 (9.72%), indicating that model selection meaningfully impacts performance on this dataset.",ROC-AUC difference (Gradient Boosting - KNN),0.0822,Gradient Boosting > KNN (9.7% improvement),"Train-test split: 70-30 with stratification and random_state=42. Missing value handling: categorical columns filled with 'Unknown', numerical columns filled with median. Feature encoding: LabelEncoder for categorical features, StandardScaler applied for models requiring scaled features (LogReg, SVM, KNN, NN). Evaluation metric: ROC-AUC (primary), with Accuracy and F1-Score as supporting metrics. Models trained with consistent random states where applicable. Models evaluated on same test set (n=14653) to ensure fair comparison.",,
haiku_H6_verify_004_becfe121,H6,True,4,haiku,84.72581815719604,Logistic Regression model is well-calibrated (Mean ECE = 0.0123). Predicted probabilities are very close to actual frequencies.,Expected Calibration Error (ECE),0.0123,Well-calibrated,"Logistic Regression classifier trained on preprocessed Adult income data. Features: all demographic and employment variables (excluding fnlwgt). Categorical variables encoded with LabelEncoder, numerical features standardized. Calibration assessed using Expected Calibration Error (ECE) with 10 bins, also computing Brier score and Maximum Calibration Error. Data split: 70% train, 30% test. No imbalance handling applied (class distribution: 75% <=50K, 25% >50K).",5x repeated 5-fold train/test split with different random seeds (42-46),"Finding stable across validation runs. ECE mean: 0.0123 ± 0.0019, range: 0.0097-0.0149. Brier mean: 0.1249 ± 0.0014. Model calibration status consistent across all random seeds."
haiku_H5_verify_003_76a59074,H5,True,3,haiku,189.36923336982727,"SMOTE oversampling does NOT change the minority-class (>50K) F1 score by more than 0.02 compared to no resampling with a default random forest. The test set showed an absolute difference of only 0.0011 (F1 without SMOTE: 0.6824 vs. with SMOTE: 0.6813), far below the 0.02 threshold.",Minority-class F1 score difference (|F1_SMOTE - F1_baseline|),0.001088,"SMOTE does NOT produce >0.02 change: difference = 0.0011, well below threshold",Train/test split: stratified 80/20 with random_state=42. Preprocessing: missing categorical values filled with 'Unknown'. Encoding: LabelEncoder for all categorical and target variables. Model: RandomForestClassifier() with default hyperparameters (no tuning). Evaluation metric: F1 score with pos_label=1 (minority class >50K). SMOTE: default parameters with random_state=42. Imbalance handling: SMOTE oversamples minority class to match majority class size in training data only.,Repeated stratified k-fold cross-validation: 5 repeats × 5 folds (25 total folds) with different random seeds (42-46). Each fold independently compared baseline RF vs. SMOTE+RF on validation splits.,"Finding held up across all CV folds. Baseline mean F1: 0.6707 ± 0.0097 (95% CI: 0.6517-0.6896). SMOTE mean F1: 0.6729 ± 0.0064 (95% CI: 0.6603-0.6854). Mean CV difference: 0.0022, confirming that SMOTE produces negligible improvement (far below 0.02 threshold). SMOTE shows slight improvement in mean F1 but with higher precision and lower recall tradeoff compared to baseline."
haiku_H6_noverify_001_9f98df7e,H6,False,1,haiku,83.16526699066162,"The logistic regression model is well-calibrated. With an Expected Calibration Error (ECE) of 0.0098 on the test set, the model's predicted probabilities closely match actual outcomes across probability bins.",Expected Calibration Error (ECE),0.009771,model is well-calibrated,"Used Logistic Regression as primary model (inherently tends toward good calibration). Data preprocessing: encoded categorical variables, filled missing values with mode, dropped survey weight column. Train/test split: 70/30 stratified by class. Features scaled with StandardScaler. Calibration evaluation: Expected Calibration Error (ECE) with 10 bins, Brier score, log loss, and Hosmer-Lemeshow test. Compared with Random Forest before/after post-hoc Platt scaling calibration. ECE = 0 indicates perfect calibration (predicted probability equals actual frequency in each bin).",,
haiku_H5_verify_001_349fadad,H5,True,1,haiku,228.89963698387146,"SMOTE oversampling does not change the minority-class (>50K) F1 score by more than 0.02 compared to no resampling. The observed difference is -0.006326 on a held-out test set and -0.002549 on average across 5x5 repeated cross-validation, both well within the ±0.02 threshold.",Minority-class F1 score difference (SMOTE - No SMOTE) on test set,-0.006326,SMOTE slightly decreases F1 (within 0.02 tolerance; effect not significant),"RandomForestClassifier with default hyperparameters (random_state=42). Data preprocessing: filled missing values with column mode, label-encoded 8 categorical features. Train-test split: 80-20 stratified split with random_state=42. Minority class F1 computed as f1_score(y_test, y_pred, pos_label=1). SMOTE applied only to training data with random_state=42 to avoid data leakage.","5x5 Repeated Stratified K-Fold Cross-Validation (RepeatedStratifiedKFold with n_splits=5, n_repeats=5, random_state=42). Each fold computed the F1 score for both models (with and without SMOTE), yielding 25 independent difference estimates.","Finding held up under cross-validation. Mean difference: -0.002549 (±0.003630 std). 95% CI: [-0.009663, 0.004565]. The confidence interval does not cross the ±0.02 threshold, confirming that SMOTE does not produce a practical change in minority-class F1 score. All 25 CV folds showed differences well below ±0.02 in absolute value (max absolute difference: 0.010943)."
haiku_H3_verify_007_7bd9bb73,H3,True,7,haiku,220.02180004119873,"The most important feature for predicting income is 'relationship' with a mean MDI of 0.183. This finding is robust and consistent across 5 random seeds, 2 ensemble algorithms (RF and GB), 5 tree depths, and has the highest target correlation (0.333).",Random Forest Mean Decrease in Impurity (top feature),0.182894,'relationship' is the dominant predictor,"Random Forest classifier with 200 trees, max_depth=20, min_samples_split=5, min_samples_leaf=2, class_weight='balanced'. Categorical features encoded with LabelEncoder. Missing values: categorical filled with mode, numerical filled with median. 70-30 train-test split with stratification.","1) Repeated training across 5 random seeds (42,123,456,789,999). 2) Cross-algorithm validation with Gradient Boosting (also ranked 'relationship' #1). 3) Robustness across 5 different max_depth values (5,10,15,20,25) - 'relationship' top in all. 4) Spearman correlation analysis shows 'relationship' has highest target correlation (0.333).","Finding is highly stable: 'relationship' ranked #1 in 100% of configurations (5/5 seeds, 5/5 depths, both RF and GB). Mean MDI 0.183±0.003 (std). Highest target correlation (0.333). Test accuracy 0.829. Multicollinearity with marital-status (r=0.318) explains permutation importance discrepancy."
haiku_H5_noverify_000_eb8033c4,H5,False,0,haiku,56.105371713638306,"Applying SMOTE oversampling increases the minority-class (>50K) F1 score from 0.6817 to 0.6824, a difference of 0.0007. This difference does not exceed the 0.02 threshold.","F1 Score difference (minority class, SMOTE - Baseline)",0.0007,SMOTE improves F1 by 0.0007 (within 0.02 threshold),"Train-test split: 80-20 stratified split (random_state=42). Preprocessing: Missing values (represented as '?') filled with mode for categorical features. All categorical variables label-encoded. Classifier: Default RandomForestClassifier() with no hyperparameter tuning. Resampling: SMOTE applied only to training data using default parameters. Evaluation: F1 score computed on held-out test set for minority class (pos_label=1, which is '>50K'). Minority class defined as the less frequent class in the dataset.",,
haiku_H5_verify_006_3f3e9bfc,H5,True,6,haiku,254.81620001792908,SMOTE oversampling changes the minority-class F1 score by 0.001603 (does not exceed the 0.02 threshold). Repeated cross-validation shows this effect does not hold consistently.,Absolute F1 score difference (minority class >50K) with vs without SMOTE,0.0016029974090219223,SMOTE improves F1 by 0.001603 (below 0.02 threshold),"1. Train/Test Split: 70/30 stratified split (random_state=42) 2. Preprocessing: LabelEncoder for categorical features, median imputation for numerical features 3. Classifier: RandomForestClassifier() with default hyperparameters (no tuning) 4. SMOTE: Applied only to training data (not test) 5. Metric: F1 score for minority class (>50K, pos_label=1) 6. Imbalance: Original dataset has ~3:1 imbalance (<=50K:>50K) 7. Validation: Repeated Stratified K-Fold (5x5 = 25 folds) plus bootstrap (100 samples)","Repeated Stratified K-Fold CV (5 splits × 5 repeats = 25 folds, each with independent SMOTE) and bootstrap resampling on held-out test set (100 iterations)","CV mean difference: 0.004988 ± 0.003549 (95% CI: [-0.001967, 0.011943]). Bootstrap 95% CI: [0.000070, 0.011013]. Finding is unstable - SMOTE effect does not persist in cross-validation."
haiku_H6_verify_006_1049f24a,H6,True,6,haiku,65.59248089790344,The logistic regression model achieves an Expected Calibration Error (ECE) of 0.0172 on the test set. This indicates the model is well-calibrated. Verification via 5-seed cross-validation confirms stability: ECE = 0.0200 ± 0.0010.,Expected Calibration Error (ECE),0.0172,model is well-calibrated,"Model: Logistic Regression (max_iter=1000). Encoding: Label encoding for categorical features. Scaling: StandardScaler applied to all features. Train/Test Split: 70/30 stratified split (random_state=42). Primary Calibration Metric: Expected Calibration Error (ECE) with 10 uniform bins. Secondary Metrics: Brier Score and Log Loss. Verification: 5-fold stratified cross-validation repeated with 5 different random seeds (42, 123, 456, 789, 999).",5-fold stratified cross-validation with 5 different random seeds,"HELD UP - Model is consistently well-calibrated. CV ECE: 0.0200 ± 0.0010 (95% CI: [0.0180, 0.0219]). Finding is stable across different data splits and random initializations."
haiku_H1_verify_009_4ced5a30,H1,True,9,haiku,772.8759119510651,"Model family choice DOES meaningfully affect performance. Best model (GradientBoosting) achieves ROC-AUC of 0.9223, while worst (DecisionTree) achieves 0.8578 (7.5% difference). This difference is statistically significant (p<0.001) and represents ~7.1% variation explained by model choice.",ROC-AUC difference (best model - worst model),0.0645,GradientBoosting > DecisionTree,"Stratified 3-fold cross-validation with 3 repeats (different random seeds). Models tested: LogisticRegression, DecisionTree, RandomForest, GradientBoosting, NeuralNetwork. Preprocessing: StandardScaler for numerical features, OneHotEncoder for categorical. Evaluation metric: ROC-AUC (robust to class imbalance ~76% negative, ~24% positive). Hyperparameters: RandomForest(n_estimators=50, max_depth=15), GradientBoosting(n_estimators=50, max_depth=5), NeuralNetwork(hidden_layer_sizes=(50,), early_stopping=True).","3x repeated stratified 3-fold cross-validation with different random seeds (seed=0,1,2)","Finding CONFIRMED. Across all 3 repeats with different seeds, GradientBoosting consistently outperformed DecisionTree. Mean scores: GradientBoosting=0.9223±0.0001, DecisionTree=0.8578±0.0022. Performance gap remained stable across seeds (range: 0.0645). ANOVA p-value: 1.34e-13 indicates statistically significant differences."
haiku_H2_verify_003_0684e0c6,H2,True,3,haiku,189.56954717636108,"Yes, Random Forest classifier achieves significantly higher stratified 5-fold cross-validated ROC-AUC (0.9068 ± 0.0019) compared to Logistic Regression (0.8544 ± 0.0030), with a difference of 0.0525. This finding is stable and confirmed across repeated cross-validation with different random seeds.",ROC-AUC difference (RF - LogReg),0.052457,RF > LogReg,"Removed rows with missing values (NaN in workclass, occupation, native-country columns), resulting in 48,842 clean samples with 14 features. Encoded 8 categorical variables using LabelEncoder. Applied StandardScaler to features in Logistic Regression pipeline (required for proper model function), but not for Random Forest. Used both models with scikit-learn defaults (RandomForestClassifier and LogisticRegression with random_state=42). Evaluated using stratified 5-fold cross-validation with ROC-AUC as the metric. Class distribution was imbalanced (11,687 positive vs 37,155 negative).","Repeated stratified 5-fold cross-validation with 10 repetitions using different random seeds (RepeatedStratifiedKFold), yielding 50 total folds per model. Compared 95% confidence intervals derived from repeated CV scores to assess finding stability.","Finding is CONFIRMED and STABLE. RF maintained higher mean ROC-AUC (0.906988 ± 0.003595) compared to LR (0.854346 ± 0.003781) across repeated CV. Confidence intervals do not overlap: RF 95% CI [0.900616, 0.911969] vs LR 95% CI [0.846918, 0.860889]. The ROC-AUC difference of 0.0525 persisted consistently (original 5-fold: 0.0525, repeated CV: 0.0526)."
haiku_H1_noverify_007_5413b7ee,H1,False,7,haiku,678.7748291492462,"Yes, model family choice meaningfully affects predictive performance on the Adult Income dataset. The best model (Gradient Boosting, ROC-AUC=0.9216) outperforms the worst (SVM (RBF), ROC-AUC=0.7184) by 0.2033 ROC-AUC points.",ROC-AUC difference (best model - worst model),0.2033,Gradient Boosting (0.9216) > SVM (RBF) (0.7184),"Preprocessing: Missing values imputed with median (numeric) or 'Unknown' (categorical). Features: 8 categorical features one-hot encoded, 6 numeric features standardized. Train/test split: 80/20 stratified. Models evaluated: Logistic Regression, Random Forest, Gradient Boosting, Decision Tree, SVM (RBF), KNN (k=5). Primary evaluation metric: ROC-AUC on held-out test set (n=9769). Cross-validation: 5-fold CV on training set for robustness check.",,
haiku_H4_verify_003_64c5af37,H4,True,3,haiku,155.05832600593567,"Addressing class imbalance does not meaningfully improve model quality on this dataset. Cross-validated ROC-AUC scores show minimal differences between baseline models and imbalance-handling approaches (Δ ≤ 0.003), with the baseline RandomForest performing comparably to or better than weighted, SMOTE, or undersampled variants. The 3.18:1 class imbalance ratio is not severe enough to warrant intervention, and tree-based models are naturally robust to this degree of imbalance.",ROC-AUC difference (Imbalance-Handled minus Baseline),-0.0002,No meaningful difference; imbalance handling slightly degrades or has negligible effect,"Model: RandomForest (n_estimators=100, max_depth=20) as primary learner, validated with LogisticRegression. Imbalance handling methods: class weights (balanced), SMOTE, random undersampling. Preprocessing: LabelEncoder for categorical features, StandardScaler for numeric features. Train-test split: 80-20 stratified split (random_state=42). Evaluation metric: ROC-AUC (primary) and F1-Score (secondary). Validation: 5-fold stratified cross-validation repeated with 3 different random seeds (42, 123, 456) for stability assessment.","5-fold stratified cross-validation repeated with 3 random seeds (15 total folds per approach). Evaluated both RandomForest and LogisticRegression across four imbalance-handling strategies: (1) baseline (no handling), (2) class weights, (3) SMOTE, (4) random undersampling. Assessed consistency by examining min/max/range of fold scores and proportion of folds where imbalance-handling outperformed baseline.","Finding held up under cross-validation. Best-performing imbalance approach (Weighted RF: 0.9162±0.0025 ROC-AUC) performed virtually identically to baseline (0.9164±0.0024). Other approaches (SMOTE: 0.9125±0.0026, Undersampling: 0.9139±0.0024) showed consistent degradation. Baseline outperformed in 10 of 15 folds. The negligible difference (-0.0002) persisted across all random seeds, confirming that addressing imbalance provides no benefit on this dataset."
haiku_H1_noverify_002_90f059d5,H1,False,2,haiku,360.09874296188354,"Model family choice affects predictive performance. ROC-AUC ranges from 0.8303 (Naive Bayes) to 0.9286 (Gradient Boosting), a difference of 0.0983. Tree-based models (Random Forest, Gradient Boosting) consistently outperform linear models (Logistic Regression) and Naive Bayes.",ROC-AUC difference (Best - Worst),0.0983,Gradient Boosting > Decision Tree,"Preprocessing: Handled missing values using mode imputation. Features: Encoded 9 categorical features using LabelEncoder; scaled numeric features for SVM and LogReg using StandardScaler. Train-test split: 80-20 stratified split (random_state=42). Models: Logistic Regression (max_iter=1000), Decision Tree (max_depth=20), Random Forest (100 estimators, max_depth=20), Gradient Boosting (100 estimators, max_depth=5), SVM-RBF (C=1.0), Naive Bayes. Evaluation: Single hold-out test set with ROC-AUC as primary metric; also computed Accuracy, F1, Precision, Recall. No cross-validation or hyperparameter tuning performed beyond reasonable defaults to keep analysis straightforward.",,
haiku_H3_noverify_009_c1f19fce,H3,False,9,haiku,97.44019484519958,"The most important feature for predicting income is 'capital-gain' (importance: 0.8966). The top 5 features are: capital-gain, relationship, education-num, age, marital-status. These findings are consistent across multiple importance methods (Random Forest, Gradient Boosting, Permutation, and Logistic Regression).",Aggregated Feature Importance (mean across 4 methods),0.8965955852329449,'capital-gain' is the strongest predictor of income,"Preprocessed missing values using mode imputation for categorical features. Encoded categorical variables using LabelEncoder. Used 80/20 train-test split with stratification to preserve class balance. Trained four models for importance estimation: RandomForestClassifier (max_depth=15, n_estimators=100), GradientBoostingClassifier (max_depth=5, n_estimators=100), LogisticRegression (scaled features), and computed permutation importance. Normalized importance scores from each method to [0,1] range and averaged them for robust feature ranking. Evaluation metric: ROC-AUC on test set.",,
haiku_H2_noverify_008_7a3a2491,H2,False,8,haiku,65.63285303115845,"Random Forest achieves higher stratified 5-fold cross-validated ROC-AUC (0.9062) than Logistic Regression (0.8204) on the Adult income dataset, with a difference of 0.0858.",ROC-AUC difference (RF - LogReg),0.08576225957281824,RF > LogReg,"Missing value imputation: Categorical features with missing values were filled with the mode; Encoding: All categorical features were label-encoded; Validation scheme: Stratified 5-fold cross-validation with random_state=42; Model hyperparameters: RandomForestClassifier and LogisticRegression used scikit-learn defaults (RandomForest: n_estimators=100, max_depth=None, min_samples_split=2, min_samples_leaf=1, random_state=42); (LogisticRegression: solver=lbfgs, C=1.0, max_iter=1000, random_state=42); Target encoding: <=50K mapped to 0, >50K mapped to 1; Metric: ROC-AUC (area under the receiver operating characteristic curve) for binary classification",,
haiku_H1_verify_004_e0662291,H1,True,4,haiku,258.8757338523865,"Model family choice has a large and statistically significant effect on predictive performance on the Adult Income dataset. Gradient Boosting achieves 0.9193 ROC-AUC while Decision Trees achieve only 0.7480, a 22.9% relative improvement. This difference was highly statistically significant (p < 0.000001) and stable across 25 cross-validation folds.",ROC-AUC difference between best and worst model families,0.1713,Gradient Boosting >> Decision Tree (ensemble methods dominate; tree-based dominates linear methods),"Binary classification (<=50K vs >50K). Preprocessing: removed 3616 rows with missing values in workclass, occupation, or native-country (93% of data retained). Categorical features label-encoded; numeric features standardized. Evaluated 7 model families: Logistic Regression, Decision Tree, Random Forest (100 trees), Gradient Boosting (100 trees), SVM (RBF kernel), KNN (k=5), Gaussian Naive Bayes. Primary metric: ROC-AUC (robust to class imbalance: 76% negative, 24% positive). Evaluation: 5-fold stratified cross-validation repeated 5 times with different random seeds (25 total folds) using stratified splits to preserve class balance.",5x5 Repeated Stratified K-Fold Cross-Validation (25 total folds). Examined per-fold stability: all models showed tight distributions (ranges 0.01-0.02 ROC-AUC). Paired t-test on fold-level scores confirmed ranking. Effect size analysis (Cohen's d = 42.25) confirmed practical significance.,"Finding CONFIRMED and STRENGTHENED. The massive effect size (Cohen's d=42.25, t=148.1, p<0.000001) demonstrates this is not a random artifact. Random Forest (0.9054) and Gradient Boosting (0.9193) consistently outperform linear models (0.8508 LogReg, 0.8484 KNN) and Decision Trees (0.7480). Across all 25 folds, Gradient Boosting was never lower than Random Forest, confirming robust ordering. Model family is the dominant factor in this dataset's performance—far more important than typical hyperparameter tuning."
haiku_H4_verify_000_d1485012,H4,True,0,haiku,125.94170784950256,"Addressing class imbalance does not improve model quality on this dataset. While some imbalance-handling methods produce marginal F1-score gains (average +1.1%), the primary metric (ROC-AUC) declines by an average of -0.43%, and cross-validation with multiple random seeds confirms no meaningful improvement. The dataset's moderate 3.18:1 class imbalance and tree-based models' inherent robustness appear to make additional balancing techniques unnecessary.",ROC-AUC improvement from imbalance handling,-0.0043,Imbalance handling degrades model quality: no meaningful improvement on ROC-AUC; marginal gains on F1 not sufficient to recommend,"Train/test split: stratified 70-30. Encoding: LabelEncoder for 8 categorical features. Scaling: StandardScaler applied to numeric features. Models tested: Logistic Regression, Random Forest (100 trees), Gradient Boosting (100 trees). Imbalance-handling methods: class_weight balancing, SMOTE oversampling, and random undersampling. Primary evaluation metric: ROC-AUC (robust to class imbalance). Secondary metric: F1-Score. Train set: 34,189 samples; test set: 14,653 samples.","5x repeated 5-fold stratified cross-validation with different random seeds (42, 123, 456, 789, 999) on the training data. Evaluated both baseline (Logistic Regression) and class-weight balanced models across all folds.","Finding confirmed stable. Cross-validation results: baseline LR ROC-AUC = 0.8542 ± 0.0000, class-weight LR ROC-AUC = 0.8542 ± 0.0000 (improvement = +0.0000). No improvement observed across any of the 5 random seeds or 25 total cross-validation folds. Conclusion holds: imbalance handling provides no measurable benefit on this dataset."
haiku_H1_verify_003_09fc2f4f,H1,True,3,haiku,422.0974531173706,"Model choice meaningfully affects predictive performance. Random Forest and Gradient Boosting significantly outperform Logistic Regression, with ROC-AUC differences of 0.0716 (up to 8.4% relative difference). Performance hierarchy is consistent across cross-validation folds.",ROC-AUC difference (best - worst),0.07164539368117673,Gradient Boosting > Logistic Regression (ROC-AUC difference: 0.0716),"Models: Logistic Regression, Decision Tree, Random Forest (100 trees, max_depth=15), Gradient Boosting (100 trees, max_depth=5), SVM (RBF kernel). Preprocessing: LabelEncoding for categorical variables (filled missing with 'Unknown'), median imputation for numeric features. Scaling: StandardScaler applied for Logistic Regression and SVM. Train/test split: 80/20 stratified. Evaluation metric: ROC-AUC (primary), plus Accuracy, F1, Precision, Recall. Hyperparameters tuned conservatively for fair comparison.",5x5 Repeated Stratified K-Fold Cross-Validation on training set (ROC-AUC scoring). Checked consistency of model ranking and performance differences across CV folds.,"Finding CONFIRMED. CV mean ROC-AUC difference: 0.0795. Model ranking remained consistent across all 25 CV folds. Best/worst models in CV matched test set. Conclusion: model choice has stable, meaningful impact on performance."
haiku_H3_verify_006_49e96737,H3,True,6,haiku,195.08599495887756,"The most important feature for predicting income is 'capital-gain', with a permutation importance score of 0.0452. This finding was validated across 25 cross-validation folds and remained stable.","Permutation Importance (Random Forest, cross-validated mean)",0.04519,'capital-gain' is the single most predictive feature for income classification,"
Model: Random Forest Classifier with 100 trees and max_depth=15
Feature encoding: Label encoding for categorical variables (ordinal)
Target encoding: Binary (<=50K vs >50K)
Train/test validation: Repeated stratified 5-fold cross-validation (5 repeats with different random seeds)
Feature importance method: Permutation Importance (mean decrease in performance when feature is shuffled)
This approach is more stable and interpretable than Mean Decrease in Impurity because it measures
the actual impact on model predictions rather than tree split decisions.
Cross-validation with 5 repeats × 5 folds = 25 total trained models to assess stability of feature rankings.
","Repeated stratified 5-fold cross-validation with 5 different random seeds (25 total trained models), permutation importance computed on held-out test folds","
The finding HELD UP under cross-validation. Across all 25 CV folds, 'capital-gain' consistently
ranked as the most important feature. Mean importance: 0.045190 ± 0.000500.
The feature was ranked #1 in all CV repeats, demonstrating strong stability.
Top 3 stable features: capital-gain, education-num, relationship
"
haiku_H6_verify_001_f9b54ad9,H6,True,1,haiku,74.20183491706848,The logistic regression model is well-calibrated based on Expected Calibration Error of 0.0128 (±0.0020). The model's predicted probabilities align reasonably well with observed frequencies across probability ranges.,Expected Calibration Error (ECE),0.01278536995267791,model is well-calibrated,"Model: Logistic Regression (standard for calibration studies). Preprocessing: Categorical encoding with LabelEncoder, numerical standardization with StandardScaler. Data split: 50-50 train-test split with stratification on target. Calibration metrics: ECE with 10 bins, Brier score, Log Loss. Threshold for well-calibrated: ECE < 0.10 (standard benchmark).","5 repeated 50-50 train-test splits with different random seeds (0-4). ECE, Brier score, and Log Loss computed on test set for each run.","Finding CONFIRMED: All 5 runs showed ECE < 0.10 (mean=0.0128, range=[0.0104, 0.0153]). Model calibration is stable across different random seeds."
haiku_H4_verify_001_a2b77dfe,H4,True,1,haiku,218.38983702659607,"Addressing class imbalance on the Adult Income dataset has a negligible effect on model quality. Despite a 3.18:1 class imbalance, applying class-weight balancing improves ROC-AUC by only ~0.0002 on average, and SMOTE resampling actually degrades performance. Validation across multiple random seeds and model types confirms this finding is stable and consistent.",ROC-AUC improvement (balanced models vs. baseline),0.0002,Negligible positive effect; imbalance handling provides minimal improvement,"Models tested: Logistic Regression, Random Forest (100 estimators), Gradient Boosting (100 estimators). Imbalance techniques: class_weight balancing (built into sklearn models) and SMOTE resampling. Preprocessing: label encoding for categorical variables, median imputation for missing numerical values, standardization of numerical features. Evaluation metric: ROC-AUC (appropriate for imbalanced classification). Validation: 5-fold stratified cross-validation with 5 different random seeds (42, 123, 456, 789, 999). Train-test stratification used throughout to preserve class distribution. No hyperparameter tuning performed beyond default sklearn parameters.","5-fold stratified cross-validation repeated with 5 different random seeds (seeds: 42, 123, 456, 789, 999). Each fold preserves class distribution. Results evaluated on both ROC-AUC and F1-score metrics to capture different aspects of model performance on imbalanced data.","Finding is stable. Validation confirmed negligible improvements across all models and random seeds: LogisticRegression mean improvement +0.0001 ± 0.0000, RandomForest +0.0005 ± 0.0002, GradientBoosting +0.0000 ± 0.0000. All improvements fall within noise margins (< 0.1% ROC-AUC). SMOTE showed negative effects across most models (-0.0053 for RandomForest, -0.0072 for GradientBoosting), while class_weight balancing showed marginal or zero improvements. Conclusion remains robust: on this dataset with moderate imbalance (3.18:1 ratio), class imbalance handling provides no meaningful benefit to model quality."
haiku_H4_verify_004_f21eea6a,H4,True,4,haiku,116.70526218414307,"Yes, addressing class imbalance improves model quality on the Adult Income dataset. While discrimination ability (ROC-AUC) shows minimal improvement (+0.0001), balanced metrics like F1-Score improve substantially (+0.0609 mean improvement with class weights). This finding is stable across 10 random seeds with consistent F1 improvements ranging from +0.0526 to +0.0689.",F1-Score improvement (class weights - baseline) averaged over 10 random seeds,0.0609,Positive - class weight balancing improves F1-Score by 6.09 percentage points on average,"Used stratified train-test split (80-20) with 39073 training and 9769 test samples. Evaluated two model classes: LogisticRegression and RandomForest. Preprocessing: label encoding for 8 categorical features, standardization of features. Handled missing values (2799 in workclass, 2809 in occupation, 857 in native-country) via mode imputation. Compared baseline (no imbalance handling) versus class_weight='balanced' approach. Evaluation metrics: ROC-AUC (discrimination), F1-Score (balance of precision-recall), precision, and recall. Cross-validation: 5-fold repeated stratified CV with 5 repeats (25 total splits).","Repeated evaluation across 10 different random train-test splits (seeds 0-9) with stratified sampling to preserve class distribution. Each split trained both baseline and class-weighted LogisticRegression models, recording F1-Score and ROC-AUC improvements.","Finding held up strongly across all splits. F1-Score improvement: +0.0609 ± 0.0051 (mean ± std), with range [+0.0526, +0.0689] across 10 seeds - ALL improvements positive. ROC-AUC improvement: +0.0001 ± 0.0004, with mixed direction [-0.0003, +0.0012] - minimal but stable near zero. The primary takeaway is that class imbalance handling significantly improves balanced classification metrics (F1) but has negligible impact on discrimination metrics (ROC-AUC), which is theoretically expected."
haiku_H1_verify_006_b06067a3,H1,True,6,haiku,625.0721790790558,"Model family choice meaningfully affects performance. Random Forest (accuracy: 0.8554) substantially outperforms Logistic Regression (accuracy: 0.8089), a difference of 0.0465. This difference is stable across multiple cross-validation runs with different random seeds.",Mean test accuracy difference (best - worst model),0.0464968567995101,Random Forest > Logistic Regression by 0.0465,"4 model families compared: Logistic Regression, Decision Tree, Random Forest (30 trees), and Gradient Boosting (30 trees). Features: categorical labels encoded, numerical features imputed with median. Evaluation: 3-fold stratified cross-validation on full dataset (no separate test set to maximize data usage). Two random seeds (42, 123) for stability assessment.","Cross-validation repeated with 2 different random seeds, 3-fold stratified split each",Finding confirmed stable: Random Forest averaged 0.8554 ± 0.0001 across runs. Logistic Regression averaged 0.8089 ± 0.0009. Difference of 0.0465 is consistent across seeds.
haiku_H6_verify_000_092e1ea2,H6,True,0,haiku,71.8260669708252,"The logistic regression model trained on the adult income dataset is well-calibrated, with an Expected Calibration Error (ECE) of 0.020631. This finding is stable across 5 independent random splits with different seeds.",Expected Calibration Error (ECE) - Logistic Regression,0.020631,WELL-CALIBRATED,"Logistic regression classifier with L2 regularization, 70/30 train-test split, categorical encoding via LabelEncoder, calibration evaluation using Expected Calibration Error (ECE) with 10 bins, Brier score, and log-loss. Stability validated via 5 repeated train-test splits with different random seeds.","5 repeated stratified train-test splits (70/30) with different random seeds (42, 123, 456, 789, 999)","Finding stable: ECE mean = 0.020631 ± 0.004687, range [0.015582, 0.029311]"
haiku_H2_verify_008_ca047c14,H2,True,8,haiku,383.0412859916687,Random Forest achieves higher ROC-AUC (0.9068) than Logistic Regression (0.8207) The difference is 0.086121 in favor of Random Forest. This finding was validated across 10 repeated cross-validations with different random seeds.,ROC-AUC difference (RF - LogReg),0.08612095881168291,RF > LogReg,"- Data preprocessing: Missing values filled with 'missing' for categoricals and median for numericals
- Feature encoding: LabelEncoder for all categorical variables
- Cross-validation: Stratified K-Fold with 5 splits, shuffle=True, random_state=42
- Model hyperparameters: Scikit-learn defaults used for both Random Forest and Logistic Regression
- Random Forest: 100 estimators, default max_depth, etc.
- Logistic Regression: max_iter=1000 to ensure convergence, default regularization
- Evaluation metric: ROC-AUC score via cross_val_score
- Class imbalance handling: Preserved original class distribution (stratified sampling accounts for imbalance)
- Stability verification: 10 repeated stratified 5-fold cross-validations with different random seeds","10 repeated stratified 5-fold cross-validations with different random seeds (seeds: 42, 123, 456, 789, 1011, 1213, 1415, 1617, 1819, 2021)","Primary finding held up: True
RF mean ROC-AUC across all repetitions: 0.906612 ± 0.000888
LogReg mean ROC-AUC across all repetitions: 0.820288 ± 0.000532
Mean difference (RF - LogReg): 0.086324 ± 0.000968
95% CI of difference: [0.084954, 0.088026]
RF was better in 10/10 repetitions
CONFIRMED: Random Forest consistently achieves higher ROC-AUC than Logistic Regression"
haiku_H3_noverify_002_6b6e5656,H3,False,2,haiku,96.34336185455322,"The analysis identifies 'capital-gain' as the most important feature for predicting income, with normalized importance of 0.4426. The top 5 features are: capital-gain, education-num, relationship, age, capital-loss. These findings are consistent across Random Forest MDI, Permutation Importance, and Gradient Boosting methods.",average normalized feature importance (Random Forest + Permutation + Gradient Boosting),0.4426,capital-gain is most important (relative importance: 0.4426),"Missing value handling: Dropped rows with missing values in workclass, occupation, and native-country. Encoding: LabelEncoder for categorical variables. Train-test split: 80-20 stratified split. Primary model: Random Forest (n_estimators=100, max_depth=15, class_weight='balanced'). Feature importance methods: (1) Mean Decrease in Impurity (MDI) from Random Forest, (2) Permutation Importance on test set (10 repeats), (3) Feature importance from Gradient Boosting. Final importance metric: Average of normalized importance scores across all three methods for robustness. Validation model: Gradient Boosting (n_estimators=100, learning_rate=0.1) for comparison.",,
haiku_H4_noverify_002_50d70b21,H4,False,2,haiku,124.3677909374237,"Addressing class imbalance through SMOTE combined with class_weight balancing produces mixed results. On average, ROC-AUC improves by 0.0009, with Logistic Regression improving 0.0093 and Random Forest improving -0.0074. The majority of metrics improve with imbalance handling (6/6 comparisons), suggesting that addressing class imbalance generally improves model quality on this dataset.",Average ROC-AUC improvement (with vs without imbalance handling),0.0009,Positive - imbalance handling improves ROC-AUC,"Train-test split (80-20, stratified) to maintain class distribution. Two model classes compared: Logistic Regression and Random Forest. Imbalance handling applied via SMOTE on training data combined with class_weight='balanced' hyperparameter in both models. Test set kept unchanged to measure true generalization. Primary metric: ROC-AUC (appropriate for imbalanced classification), secondary metrics: F1-Score and Balanced Accuracy. Categorical features label-encoded, missing values imputed (categorical: 'unknown', numerical: median).",,
haiku_H4_noverify_004_b84d8f7f,H4,False,4,haiku,101.77189493179321,"Addressing class imbalance does NOT meaningfully improve model quality on this dataset. Despite moderate class imbalance (3.18:1 ratio), SMOTE oversampling and undersampling result in negligible changes or slight degradations in ROC-AUC (the most robust metric for imbalanced data). Balanced accuracy improves slightly with SMOTE (+0.0060), but the overall effect is inconsequential.",ROC-AUC improvement (SMOTE vs baseline) - average across LR and RF models,-0.00352120352345775,No - Imbalance handling provides negligible or negative benefits (ROC-AUC -0.0035),"Used stratified train/test split (70/30) to preserve class distribution. Categorical features encoded with LabelEncoder. For baseline models, used Logistic Regression with balanced class weights and standard Random Forest. Applied SMOTE oversampling to training data only, keeping test set unchanged to avoid data leakage. Also tested random undersampling. Evaluated on multiple metrics (ROC-AUC, F1, recall, precision, balanced accuracy) to assess quality comprehensively. ROC-AUC prioritized as primary metric as it is threshold-independent and robust to class imbalance. Random forests used unscaled data while logistic regression used scaled features.",,
haiku_H6_noverify_000_2755736f,H6,False,0,haiku,58.96664595603943,"The models demonstrate excellent calibration on the adult income classification task. Both Logistic Regression and Random Forest have Expected Calibration Error values well below 0.05, indicating that predicted probabilities align very closely with observed frequencies. The Random Forest model is particularly well-calibrated with an ECE of 0.0268, showing minimal deviation between predicted confidence and actual outcomes.",Expected Calibration Error (ECE) - Random Forest,0.0268,model is well-calibrated,"Trained both Logistic Regression and Random Forest classifiers on a stratified 80-20 train-test split. Handled missing values through mode imputation for categorical features (workclass, occupation, native-country) and median imputation for numeric features. Used LabelEncoder to convert categorical variables to numeric format. Computed calibration metrics using sklearn's calibration_curve function with 10 uniform-width probability bins. Expected Calibration Error (ECE) was selected as the primary metric, computed as the mean absolute difference between predicted probability and observed frequency across bins. Also evaluated Maximum Calibration Error (MCE) and Brier Score for robustness. No class imbalance handling was applied (positive class rate: 23.93%).",,
haiku_H6_verify_002_b50dbad5,H6,True,2,haiku,80.14863061904907,"The logistic regression model trained on the Adult Income dataset is very well-calibrated, with an Expected Calibration Error (ECE) of 0.0247. The model's predicted probabilities closely match actual outcome frequencies across probability bins, indicating reliable confidence estimates.",Expected Calibration Error (ECE),0.024667,model is very well-calibrated,"Model: Logistic Regression (L-BFGS solver, max 1000 iterations). Preprocessing: dropped rows with missing values in workclass, occupation, and native-country (6465 rows removed, final N=45222); label-encoded 8 categorical features; kept 6 numerical features. Train/test split: 70/30 stratified random split. Calibration metrics: Expected Calibration Error (ECE) with 10 equal-width probability bins, Brier score, and Maximum Calibration Error (MCE). Validation: repeated stratified train/test splits with 5 different random seeds (42-46) to assess stability.","5 repeated stratified 70/30 train/test splits with random seeds 42-46. ECE calculated independently for each run using 10 probability bins. Evaluated stability via mean, standard deviation, and range of ECE across runs.","Finding held up strongly under stability check. ECE range across 5 runs: [0.0207, 0.0302], mean=0.0247±0.0035 (std). All runs showed ECE < 0.05, confirming the model is very well-calibrated. Brier scores were also stable (mean=0.1360±0.0007), ranging from 0.1349-0.1370."
haiku_H4_noverify_005_9ace7a3c,H4,False,5,haiku,51.354055881500244,"Class imbalance handling strategies (SMOTE, undersampling, combined) were tested on Logistic Regression and Random Forest models. The analysis shows significant improvements in model quality when addressing imbalance, with the largest gain of 6.51% in balanced accuracy.",Maximum balanced accuracy improvement (%),6.51,Imbalance handling improves metrics (max +6.51% balanced accuracy),"Label encoding for categorical variables; stratified 70/30 train-test split; tested Logistic Regression and Random Forest; evaluated with ROC-AUC, F1, balanced accuracy, precision, and recall; imbalance strategies: SMOTE, random undersampling, and their combination; evaluation performed on unmodified test set to avoid data leakage.",,
haiku_H3_verify_004_30347eab,H3,True,4,haiku,76.32986187934875,"The feature 'capital-gain' is the most important predictor of income, with a Random Forest importance score of 0.1814. The top 3 features by importance are: capital-gain, relationship, education-num. This finding was validated through 25-fold repeated cross-validation (5x5 splits with stratification).",Random Forest feature importance (top feature),0.18142767323681908,capital-gain most important,"Random Forest classifier (n_estimators=100, max_depth=15) chosen for its ability to handle mixed numeric and categorical features without scaling. Categorical features encoded with LabelEncoder. Missing values ('?') filled with 'Unknown' for categoricals and median for numerics. No class weighting applied despite slight class imbalance (24% >50K). Used standard hyperparameters; max_depth limited to 15 to reduce overfitting noise.",5x5 Repeated Stratified K-Fold Cross-Validation (25 total folds) with different random seeds per repeat. Computed mean and std of feature importances across all folds. Checked if top feature remained in top 3 and tracked ranking stability.,Top feature 'capital-gain' remained in top 3 across 25 CV folds. Mean CV importance: 0.1801 (±0.0032)
